Curs;Estudis;Codi àrea territorial;Àrea territorial;Codi comarca;Comarca;Codi municipi;Municipi;Codi districte;Districte;Naturalesa;Titularitat;Centre amb concert;Centres
2024/2025;EDUCACIÓ SECUNDÀRIA OBLIGATÒRIA;0108;CONSORCI D'EDUCACIÓ DE BARCELONA;13;BARCELONÈS;08019;BARCELONA;0801901;CIUTAT VELLA;PRIVAT;FUNDACIONS;SI;1
2024/2025;EDUCACIÓ SECUNDÀRIA OBLIGATÒRIA;0108;CONSORCI D'EDUCACIÓ DE BARCELONA;13;BARCELONÈS;08019;BARCELONA;0801901;CIUTAT VELLA;PRIVAT;ORDES I CONGREGACIONS CATÒLICS;SI;2
2024/2025;EDUCACIÓ SECUNDÀRIA OBLIGATÒRIA;0108;CONSORCI D'EDUCACIÓ DE BARCELONA;13;BARCELONÈS;08019;BARCELONA;0801901;CIUTAT VELLA;PÚBLIC;DEPARTAMENT D'EDUCACIÓ I FORMACIÓ PROFESSIONAL;;7
2024/2025;EDUCACIÓ SECUNDÀRIA OBLIGATÒRIA;0108;CONSORCI D'EDUCACIÓ DE BARCELONA;13;BARCELONÈS;08019;BARCELONA;0801902;EIXAMPLE;PRIVAT;ALTRES CONFESIONS RELIGIOSES;SI;1
2024/2025;EDUCACIÓ SECUNDÀRIA OBLIGATÒRIA;0108;CONSORCI D'EDUCACIÓ DE BARCELONA;13;BARCELONÈS;08019;BARCELONA;0801902;EIXAMPLE;PRIVAT;ESGLÉSIA CATÒLICA;SI;1
2024/2025;EDUCACIÓ SECUNDÀRIA OBLIGATÒRIA;0108;CONSORCI D'EDUCACIÓ DE BARCELONA;13;BARCELONÈS;08019;BARCELONA;0801902;EIXAMPLE;PRIVAT;FUNDACIONS;SI;8
2024/2025;EDUCACIÓ SECUNDÀRIA OBLIGATÒRIA;0108;CONSORCI D'EDUCACIÓ DE BARCELONA;13;BARCELONÈS;08019;BARCELONA;0801902;EIXAMPLE;PRIVAT;ORDES I CONGREGACIONS CATÒLICS;SI;6
2024/2025;EDUCACIÓ SECUNDÀRIA OBLIGATÒRIA;0108;CONSORCI D'EDUCACIÓ DE BARCELONA;13;BARCELONÈS;08019;BARCELONA;0801902;EIXAMPLE;PRIVAT;SOCIETATS MERCANTILS;NO;1
2024/2025;EDUCACIÓ SECUNDÀRIA OBLIGATÒRIA;0108;CONSORCI D'EDUCACIÓ DE BARCELONA;13;BARCELONÈS;08019;BARCELONA;0801902;EIXAMPLE;PRIVAT;SOCIETATS MERCANTILS;SI;3
2024/2025;EDUCACIÓ SECUNDÀRIA OBLIGATÒRIA;0108;CONSORCI D'EDUCACIÓ DE BARCELONA;13;BARCELONÈS;08019;BARCELONA;0801902;EIXAMPLE;PÚBLIC;DEPARTAMENT D'EDUCACIÓ I FORMACIÓ PROFESSIONAL;;9
2024/2025;EDUCACIÓ SECUNDÀRIA OBLIGATÒRIA;0108;CONSORCI D'EDUCACIÓ DE BARCELONA;13;BARCELONÈS;08019;BARCELONA;0801903;SANTS - MONTJUÏC;PRIVAT;ASSOCIACIONS;SI;1
2024/2025;EDUCACIÓ SECUNDÀRIA OBLIGATÒRIA;0108;CONSORCI D'EDUCACIÓ DE BARCELONA;13;BARCELONÈS;08019;BARCELONA;0801903;SANTS - MONTJUÏC;PRIVAT;COOPERATIVES;SI;1
2024/2025;EDUCACIÓ SECUNDÀRIA OBLIGATÒRIA;0108;CONSORCI D'EDUCACIÓ DE BARCELONA;13;BARCELONÈS;08019;BARCELONA;0801903;SANTS - MONTJUÏC;PRIVAT;FUNDACIONS;SI;4
2024/2025;EDUCACIÓ SECUNDÀRIA OBLIGATÒRIA;0108;CONSORCI D'EDUCACIÓ DE BARCELONA;13;BARCELONÈS;08019;BARCELONA;0801903;SANTS - MONTJUÏC;PRIVAT;ORDES I CONGREGACIONS CATÒLICS;SI;1
2024/2025;EDUCACIÓ SECUNDÀRIA OBLIGATÒRIA;0108;CONSORCI D'EDUCACIÓ DE BARCELONA;13;BARCELONÈS;08019;BARCELONA;0801903;SANTS - MONTJUÏC;PÚBLIC;CORPORACIONS LOCALS;;2
2024/2025;EDUCACIÓ SECUNDÀRIA OBLIGATÒRIA;0108;CONSORCI D'EDUCACIÓ DE BARCELONA;13;BARCELONÈS;08019;BARCELONA;0801903;SANTS - MONTJUÏC;PÚBLIC;DEPARTAMENT D'EDUCACIÓ I FORMACIÓ PROFESSIONAL;;7
2024/2025;EDUCACIÓ SECUNDÀRIA OBLIGATÒRIA;0108;CONSORCI D'EDUCACIÓ DE BARCELONA;13;BARCELONÈS;08019;BARCELONA;0801904;LES CORTS;PRIVAT;COOPERATIVES;SI;1
2024/2025;EDUCACIÓ SECUNDÀRIA OBLIGATÒRIA;0108;CONSORCI D'EDUCACIÓ DE BARCELONA;13;BARCELONÈS;08019;BARCELONA;0801904;LES CORTS;PRIVAT;FUNDACIONS;NO;1
2024/2025;EDUCACIÓ SECUNDÀRIA OBLIGATÒRIA;0108;CONSORCI D'EDUCACIÓ DE BARCELONA;13;BARCELONÈS;08019;BARCELONA;0801904;LES CORTS;PRIVAT;FUNDACIONS;SI;6
2024/2025;EDUCACIÓ SECUNDÀRIA OBLIGATÒRIA;0108;CONSORCI D'EDUCACIÓ DE BARCELONA;13;BARCELONÈS;08019;BARCELONA;0801904;LES CORTS;PRIVAT;ORDES I CONGREGACIONS CATÒLICS;SI;2
2024/2025;EDUCACIÓ SECUNDÀRIA OBLIGATÒRIA;0108;CONSORCI D'EDUCACIÓ DE BARCELONA;13;BARCELONÈS;08019;BARCELONA;0801904;LES CORTS;PRIVAT;SOCIETATS MERCANTILS;NO;2
2024/2025;EDUCACIÓ SECUNDÀRIA OBLIGATÒRIA;0108;CONSORCI D'EDUCACIÓ DE BARCELONA;13;BARCELONÈS;08019;BARCELONA;0801904;LES CORTS;PRIVAT;SOCIETATS MERCANTILS;SI;1
2024/2025;EDUCACIÓ SECUNDÀRIA OBLIGATÒRIA;0108;CONSORCI D'EDUCACIÓ DE BARCELONA;13;BARCELONÈS;08019;BARCELONA;0801904;LES CORTS;PÚBLIC;DEPARTAMENT D'EDUCACIÓ I FORMACIÓ PROFESSIONAL;;3
2024/2025;EDUCACIÓ SECUNDÀRIA OBLIGATÒRIA;0108;CONSORCI D'EDUCACIÓ DE BARCELONA;13;BARCELONÈS;08019;BARCELONA;0801905;SARRIÀ - SANT GERVASI;PRIVAT;ASSOCIACIONS;SI;1
2024/2025;EDUCACIÓ SECUNDÀRIA OBLIGATÒRIA;0108;CONSORCI D'EDUCACIÓ DE BARCELONA;13;BARCELONÈS;08019;BARCELONA;0801905;SARRIÀ - SANT GERVASI;PRIVAT;COOPERATIVES;SI;1
2024/2025;EDUCACIÓ SECUNDÀRIA OBLIGATÒRIA;0108;CONSORCI D'EDUCACIÓ DE BARCELONA;13;BARCELONÈS;08019;BARCELONA;0801905;SARRIÀ - SANT GERVASI;PRIVAT;FUNDACIONS;NO;3
2024/2025;EDUCACIÓ SECUNDÀRIA OBLIGATÒRIA;0108;CONSORCI D'EDUCACIÓ DE BARCELONA;13;BARCELONÈS;08019;BARCELONA;0801905;SARRIÀ - SANT GERVASI;PRIVAT;FUNDACIONS;SI;9
2024/2025;EDUCACIÓ SECUNDÀRIA OBLIGATÒRIA;0108;CONSORCI D'EDUCACIÓ DE BARCELONA;13;BARCELONÈS;08019;BARCELONA;0801905;SARRIÀ - SANT GERVASI;PRIVAT;ORDES I CONGREGACIONS CATÒLICS;SI;10
2024/2025;EDUCACIÓ SECUNDÀRIA OBLIGATÒRIA;0108;CONSORCI D'EDUCACIÓ DE BARCELONA;13;BARCELONÈS;08019;BARCELONA;0801905;SARRIÀ - SANT GERVASI;PRIVAT;SOCIETATS MERCANTILS;SI;6
2024/2025;EDUCACIÓ SECUNDÀRIA OBLIGATÒRIA;0108;CONSORCI D'EDUCACIÓ DE BARCELONA;13;BARCELONÈS;08019;BARCELONA;0801905;SARRIÀ - SANT GERVASI;PÚBLIC;CORPORACIONS LOCALS;;1
2024/2025;EDUCACIÓ SECUNDÀRIA OBLIGATÒRIA;0108;CONSORCI D'EDUCACIÓ DE BARCELONA;13;BARCELONÈS;08019;BARCELONA;0801905;SARRIÀ - SANT GERVASI;PÚBLIC;DEPARTAMENT D'EDUCACIÓ I FORMACIÓ PROFESSIONAL;;4
2024/2025;EDUCACIÓ SECUNDÀRIA OBLIGATÒRIA;0108;CONSORCI D'EDUCACIÓ DE BARCELONA;13;BARCELONÈS;08019;BARCELONA;0801906;GRÀCIA;PRIVAT;COOPERATIVES;SI;2
2024/2025;EDUCACIÓ SECUNDÀRIA OBLIGATÒRIA;0108;CONSORCI D'EDUCACIÓ DE BARCELONA;13;BARCELONÈS;08019;BARCELONA;0801906;GRÀCIA;PRIVAT;FUNDACIONS;SI;4
2024/2025;EDUCACIÓ SECUNDÀRIA OBLIGATÒRIA;0108;CONSORCI D'EDUCACIÓ DE BARCELONA;13;BARCELONÈS;08019;BARCELONA;0801906;GRÀCIA;PRIVAT;ORDES I CONGREGACIONS CATÒLICS;SI;4
2024/2025;EDUCACIÓ SECUNDÀRIA OBLIGATÒRIA;0108;CONSORCI D'EDUCACIÓ DE BARCELONA;13;BARCELONÈS;08019;BARCELONA;0801906;GRÀCIA;PRIVAT;SOCIETATS MERCANTILS;NO;1
2024/2025;EDUCACIÓ SECUNDÀRIA OBLIGATÒRIA;0108;CONSORCI D'EDUCACIÓ DE BARCELONA;13;BARCELONÈS;08019;BARCELONA;0801906;GRÀCIA;PÚBLIC;DEPARTAMENT D'EDUCACIÓ I FORMACIÓ PROFESSIONAL;;4
2024/2025;EDUCACIÓ SECUNDÀRIA OBLIGATÒRIA;0108;CONSORCI D'EDUCACIÓ DE BARCELONA;13;BARCELONÈS;08019;BARCELONA;0801907;HORTA - GUINARDÓ;PRIVAT;COOPERATIVES;SI;2
2024/2025;EDUCACIÓ SECUNDÀRIA OBLIGATÒRIA;0108;CONSORCI D'EDUCACIÓ DE BARCELONA;13;BARCELONÈS;08019;BARCELONA;0801907;HORTA - GUINARDÓ;PRIVAT;FUNDACIONS;SI;3
2024/2025;EDUCACIÓ SECUNDÀRIA OBLIGATÒRIA;0108;CONSORCI D'EDUCACIÓ DE BARCELONA;13;BARCELONÈS;08019;BARCELONA;0801907;HORTA - GUINARDÓ;PRIVAT;ORDES I CONGREGACIONS CATÒLICS;SI;6
2024/2025;EDUCACIÓ SECUNDÀRIA OBLIGATÒRIA;0108;CONSORCI D'EDUCACIÓ DE BARCELONA;13;BARCELONÈS;08019;BARCELONA;0801907;HORTA - GUINARDÓ;PRIVAT;SOCIETATS MERCANTILS;NO;1
2024/2025;EDUCACIÓ SECUNDÀRIA OBLIGATÒRIA;0108;CONSORCI D'EDUCACIÓ DE BARCELONA;13;BARCELONÈS;08019;BARCELONA;0801907;HORTA - GUINARDÓ;PRIVAT;SOCIETATS MERCANTILS;SI;4
2024/2025;EDUCACIÓ SECUNDÀRIA OBLIGATÒRIA;0108;CONSORCI D'EDUCACIÓ DE BARCELONA;13;BARCELONÈS;08019;BARCELONA;0801907;HORTA - GUINARDÓ;PÚBLIC;CORPORACIONS LOCALS;;1
2024/2025;EDUCACIÓ SECUNDÀRIA OBLIGATÒRIA;0108;CONSORCI D'EDUCACIÓ DE BARCELONA;13;BARCELONÈS;08019;BARCELONA;0801907;HORTA - GUINARDÓ;PÚBLIC;DEPARTAMENT D'EDUCACIÓ I FORMACIÓ PROFESSIONAL;;7
2024/2025;EDUCACIÓ SECUNDÀRIA OBLIGATÒRIA;0108;CONSORCI D'EDUCACIÓ DE BARCELONA;13;BARCELONÈS;08019;BARCELONA;0801908;NOU BARRIS;PRIVAT;FUNDACIONS;SI;5
2024/2025;EDUCACIÓ SECUNDÀRIA OBLIGATÒRIA;0108;CONSORCI D'EDUCACIÓ DE BARCELONA;13;BARCELONÈS;08019;BARCELONA;0801908;NOU BARRIS;PRIVAT;ORDES I CONGREGACIONS CATÒLICS;SI;2
2024/2025;EDUCACIÓ SECUNDÀRIA OBLIGATÒRIA;0108;CONSORCI D'EDUCACIÓ DE BARCELONA;13;BARCELONÈS;08019;BARCELONA;0801908;NOU BARRIS;PRIVAT;SOCIETATS MERCANTILS;SI;6
2024/2025;EDUCACIÓ SECUNDÀRIA OBLIGATÒRIA;0108;CONSORCI D'EDUCACIÓ DE BARCELONA;13;BARCELONÈS;08019;BARCELONA;0801908;NOU BARRIS;PÚBLIC;DEPARTAMENT D'EDUCACIÓ I FORMACIÓ PROFESSIONAL;;16
2024/2025;EDUCACIÓ SECUNDÀRIA OBLIGATÒRIA;0108;CONSORCI D'EDUCACIÓ DE BARCELONA;13;BARCELONÈS;08019;BARCELONA;0801909;SANT ANDREU;PRIVAT;FUNDACIONS;SI;5
2024/2025;EDUCACIÓ SECUNDÀRIA OBLIGATÒRIA;0108;CONSORCI D'EDUCACIÓ DE BARCELONA;13;BARCELONÈS;08019;BARCELONA;0801909;SANT ANDREU;PRIVAT;ORDES I CONGREGACIONS CATÒLICS;SI;3
2024/2025;EDUCACIÓ SECUNDÀRIA OBLIGATÒRIA;0108;CONSORCI D'EDUCACIÓ DE BARCELONA;13;BARCELONÈS;08019;BARCELONA;0801909;SANT ANDREU;PRIVAT;SOCIETATS MERCANTILS;SI;4
2024/2025;EDUCACIÓ SECUNDÀRIA OBLIGATÒRIA;0108;CONSORCI D'EDUCACIÓ DE BARCELONA;13;BARCELONÈS;08019;BARCELONA;0801909;SANT ANDREU;PÚBLIC;DEPARTAMENT D'EDUCACIÓ I FORMACIÓ PROFESSIONAL;;9
2024/2025;EDUCACIÓ SECUNDÀRIA OBLIGATÒRIA;0108;CONSORCI D'EDUCACIÓ DE BARCELONA;13;BARCELONÈS;08019;BARCELONA;0801910;SANT MARTÍ;PRIVAT;COOPERATIVES;SI;2
2024/2025;EDUCACIÓ SECUNDÀRIA OBLIGATÒRIA;0108;CONSORCI D'EDUCACIÓ DE BARCELONA;13;BARCELONÈS;08019;BARCELONA;0801910;SANT MARTÍ;PRIVAT;FUNDACIONS;SI;5
2024/2025;EDUCACIÓ SECUNDÀRIA OBLIGATÒRIA;0108;CONSORCI D'EDUCACIÓ DE BARCELONA;13;BARCELONÈS;08019;BARCELONA;0801910;SANT MARTÍ;PRIVAT;ORDES I CONGREGACIONS CATÒLICS;SI;3
2024/2025;EDUCACIÓ SECUNDÀRIA OBLIGATÒRIA;0108;CONSORCI D'EDUCACIÓ DE BARCELONA;13;BARCELONÈS;08019;BARCELONA;0801910;SANT MARTÍ;PRIVAT;SOCIETATS MERCANTILS;SI;2
2024/2025;EDUCACIÓ SECUNDÀRIA OBLIGATÒRIA;0108;CONSORCI D'EDUCACIÓ DE BARCELONA;13;BARCELONÈS;08019;BARCELONA;0801910;SANT MARTÍ;PÚBLIC;CORPORACIONS LOCALS;;1
2024/2025;EDUCACIÓ SECUNDÀRIA OBLIGATÒRIA;0108;CONSORCI D'EDUCACIÓ DE BARCELONA;13;BARCELONÈS;08019;BARCELONA;0801910;SANT MARTÍ;PÚBLIC;DEPARTAMENT D'EDUCACIÓ I FORMACIÓ PROFESSIONAL;;11
2024/2025;EDUCACIÓ SECUNDÀRIA OBLIGATÒRIA;0117;GIRONA;02;ALT EMPORDÀ;17032;CADAQUÉS;1703200;;PÚBLIC;DEPARTAMENT D'EDUCACIÓ I FORMACIÓ PROFESSIONAL;;1
2024/2025;EDUCACIÓ SECUNDÀRIA OBLIGATÒRIA;0117;GIRONA;02;ALT EMPORDÀ;17047;CASTELLÓ D'EMPÚRIES;1704700;;PÚBLIC;DEPARTAMENT D'EDUCACIÓ I FORMACIÓ PROFESSIONAL;;2
2024/2025;EDUCACIÓ SECUNDÀRIA OBLIGATÒRIA;0117;GIRONA;02;ALT EMPORDÀ;17062;L'ESCALA;1706200;;PÚBLIC;DEPARTAMENT D'EDUCACIÓ I FORMACIÓ PROFESSIONAL;;1
2024/2025;EDUCACIÓ SECUNDÀRIA OBLIGATÒRIA;0117;GIRONA;02;ALT EMPORDÀ;17066;FIGUERES;1706600;;PRIVAT;FUNDACIONS;SI;1
2024/2025;EDUCACIÓ SECUNDÀRIA OBLIGATÒRIA;0117;GIRONA;02;ALT EMPORDÀ;17066;FIGUERES;1706600;;PRIVAT;ORDES I CONGREGACIONS CATÒLICS;SI;1
2024/2025;EDUCACIÓ SECUNDÀRIA OBLIGATÒRIA;0117;GIRONA;02;ALT EMPORDÀ;17066;FIGUERES;1706600;;PRIVAT;SOCIETATS MERCANTILS;NO;1
2024/2025;EDUCACIÓ SECUNDÀRIA OBLIGATÒRIA;0117;GIRONA;02;ALT EMPORDÀ;17066;FIGUERES;1706600;;PÚBLIC;DEPARTAMENT D'EDUCACIÓ I FORMACIÓ PROFESSIONAL;;6
2024/2025;EDUCACIÓ SECUNDÀRIA OBLIGATÒRIA;0117;GIRONA;02;ALT EMPORDÀ;17086;LA JONQUERA;1708600;;PÚBLIC;DEPARTAMENT D'EDUCACIÓ I FORMACIÓ PROFESSIONAL;;1
2024/2025;EDUCACIÓ SECUNDÀRIA OBLIGATÒRIA;0117;GIRONA;02;ALT EMPORDÀ;17092;LLANÇÀ;1709200;;PÚBLIC;DEPARTAMENT D'EDUCACIÓ I FORMACIÓ PROFESSIONAL;;1
2024/2025;EDUCACIÓ SECUNDÀRIA OBLIGATÒRIA;0117;GIRONA;02;ALT EMPORDÀ;17132;PERALADA;1713200;;PÚBLIC;DEPARTAMENT D'EDUCACIÓ I FORMACIÓ PROFESSIONAL;;1
2024/2025;EDUCACIÓ SECUNDÀRIA OBLIGATÒRIA;0117;GIRONA;02;ALT EMPORDÀ;17152;ROSES;1715200;;PRIVAT;COOPERATIVES;SI;1
2024/2025;EDUCACIÓ SECUNDÀRIA OBLIGATÒRIA;0117;GIRONA;02;ALT EMPORDÀ;17152;ROSES;1715200;;PÚBLIC;DEPARTAMENT D'EDUCACIÓ I FORMACIÓ PROFESSIONAL;;2
2024/2025;EDUCACIÓ SECUNDÀRIA OBLIGATÒRIA;0117;GIRONA;02;ALT EMPORDÀ;17221;VILAFANT;1722100;;PÚBLIC;DEPARTAMENT D'EDUCACIÓ I FORMACIÓ PROFESSIONAL;;1
2024/2025;EDUCACIÓ SECUNDÀRIA OBLIGATÒRIA;0117;GIRONA;10;BAIX EMPORDÀ;17022;LA BISBAL D'EMPORDÀ;1702200;;PRIVAT;FUNDACIONS;SI;1
2024/2025;EDUCACIÓ SECUNDÀRIA OBLIGATÒRIA;0117;GIRONA;10;BAIX EMPORDÀ;17022;LA BISBAL D'EMPORDÀ;1702200;;PÚBLIC;DEPARTAMENT D'EDUCACIÓ I FORMACIÓ PROFESSIONAL;;1
2024/2025;EDUCACIÓ SECUNDÀRIA OBLIGATÒRIA;0117;GIRONA;10;BAIX EMPORDÀ;17034;CALONGE I SANT ANTONI;1703400;;PÚBLIC;DEPARTAMENT D'EDUCACIÓ I FORMACIÓ PROFESSIONAL;;1
2024/2025;EDUCACIÓ SECUNDÀRIA OBLIGATÒRIA;0117;GIRONA;10;BAIX EMPORDÀ;17048;"CASTELL D'ARO, PLATJA D'ARO I S'AGARÓ";1704800;;PÚBLIC;DEPARTAMENT D'EDUCACIÓ I FORMACIÓ PROFESSIONAL;;1
2024/2025;EDUCACIÓ SECUNDÀRIA OBLIGATÒRIA;0117;GIRONA;10;BAIX EMPORDÀ;17117;PALAFRUGELL;1711700;;PRIVAT;ESGLÉSIA CATÒLICA;SI;1
2024/2025;EDUCACIÓ SECUNDÀRIA OBLIGATÒRIA;0117;GIRONA;10;BAIX EMPORDÀ;17117;PALAFRUGELL;1711700;;PRIVAT;SOCIETATS MERCANTILS;SI;1
2024/2025;EDUCACIÓ SECUNDÀRIA OBLIGATÒRIA;0117;GIRONA;10;BAIX EMPORDÀ;17117;PALAFRUGELL;1711700;;PÚBLIC;DEPARTAMENT D'EDUCACIÓ I FORMACIÓ PROFESSIONAL;;3
2024/2025;EDUCACIÓ SECUNDÀRIA OBLIGATÒRIA;0117;GIRONA;10;BAIX EMPORDÀ;17118;PALAMÓS;1711800;;PRIVAT;FUNDACIONS;SI;1
2024/2025;EDUCACIÓ SECUNDÀRIA OBLIGATÒRIA;0117;GIRONA;10;BAIX EMPORDÀ;17118;PALAMÓS;1711800;;PÚBLIC;DEPARTAMENT D'EDUCACIÓ I FORMACIÓ PROFESSIONAL;;2
2024/2025;EDUCACIÓ SECUNDÀRIA OBLIGATÒRIA;0117;GIRONA;10;BAIX EMPORDÀ;17160;SANT FELIU DE GUÍXOLS;1716000;;PRIVAT;FUNDACIONS;SI;1
2024/2025;EDUCACIÓ SECUNDÀRIA OBLIGATÒRIA;0117;GIRONA;10;BAIX EMPORDÀ;17160;SANT FELIU DE GUÍXOLS;1716000;;PÚBLIC;DEPARTAMENT D'EDUCACIÓ I FORMACIÓ PROFESSIONAL;;2
2024/2025;EDUCACIÓ SECUNDÀRIA OBLIGATÒRIA;0117;GIRONA;10;BAIX EMPORDÀ;17199;TORROELLA DE MONTGRÍ;1719900;;PRIVAT;ORDES I CONGREGACIONS CATÒLICS;SI;1
2024/2025;EDUCACIÓ SECUNDÀRIA OBLIGATÒRIA;0117;GIRONA;10;BAIX EMPORDÀ;17199;TORROELLA DE MONTGRÍ;1719900;;PÚBLIC;DEPARTAMENT D'EDUCACIÓ I FORMACIÓ PROFESSIONAL;;1
2024/2025;EDUCACIÓ SECUNDÀRIA OBLIGATÒRIA;0117;GIRONA;10;BAIX EMPORDÀ;17211;VERGES;1721100;;PÚBLIC;DEPARTAMENT D'EDUCACIÓ I FORMACIÓ PROFESSIONAL;;1
2024/2025;EDUCACIÓ SECUNDÀRIA OBLIGATÒRIA;0117;GIRONA;19;GARROTXA;17019;BESALÚ;1701900;;PÚBLIC;DEPARTAMENT D'EDUCACIÓ I FORMACIÓ PROFESSIONAL;;1
2024/2025;EDUCACIÓ SECUNDÀRIA OBLIGATÒRIA;0117;GIRONA;19;GARROTXA;17114;OLOT;1711400;;PRIVAT;COOPERATIVES;SI;1
2024/2025;EDUCACIÓ SECUNDÀRIA OBLIGATÒRIA;0117;GIRONA;19;GARROTXA;17114;OLOT;1711400;;PRIVAT;FUNDACIONS;SI;1
2024/2025;EDUCACIÓ SECUNDÀRIA OBLIGATÒRIA;0117;GIRONA;19;GARROTXA;17114;OLOT;1711400;;PRIVAT;ORDES I CONGREGACIONS CATÒLICS;SI;1
2024/2025;EDUCACIÓ SECUNDÀRIA OBLIGATÒRIA;0117;GIRONA;19;GARROTXA;17114;OLOT;1711400;;PÚBLIC;DEPARTAMENT D'EDUCACIÓ I FORMACIÓ PROFESSIONAL;;4
2024/2025;EDUCACIÓ SECUNDÀRIA OBLIGATÒRIA;0117;GIRONA;20;GIRONÈS;17020;BESCANÓ;1702000;;PÚBLIC;DEPARTAMENT D'EDUCACIÓ I FORMACIÓ PROFESSIONAL;;1
2024/2025;EDUCACIÓ SECUNDÀRIA OBLIGATÒRIA;0117;GIRONA;20;GIRONÈS;17044;CASSÀ DE LA SELVA;1704400;;PRIVAT;ORDES I CONGREGACIONS CATÒLICS;SI;1
2024/2025;EDUCACIÓ SECUNDÀRIA OBLIGATÒRIA;0117;GIRONA;20;GIRONÈS;17044;CASSÀ DE LA SELVA;1704400;;PÚBLIC;DEPARTAMENT D'EDUCACIÓ I FORMACIÓ PROFESSIONAL;;1
2024/2025;EDUCACIÓ SECUNDÀRIA OBLIGATÒRIA;0117;GIRONA;20;GIRONÈS;17049;CELRÀ;1704900;;PÚBLIC;DEPARTAMENT D'EDUCACIÓ I FORMACIÓ PROFESSIONAL;;1
2024/2025;EDUCACIÓ SECUNDÀRIA OBLIGATÒRIA;0117;GIRONA;20;GIRONÈS;17073;FORNELLS DE LA SELVA;1707300;;PRIVAT;SOCIETATS MERCANTILS;NO;1
2024/2025;EDUCACIÓ SECUNDÀRIA OBLIGATÒRIA;0117;GIRONA;20;GIRONÈS;17079;GIRONA;1707900;;PRIVAT;FUNDACIONS;SI;3
2024/2025;EDUCACIÓ SECUNDÀRIA OBLIGATÒRIA;0117;GIRONA;20;GIRONÈS;17079;GIRONA;1707900;;PRIVAT;ORDES I CONGREGACIONS CATÒLICS;SI;1
2024/2025;EDUCACIÓ SECUNDÀRIA OBLIGATÒRIA;0117;GIRONA;20;GIRONÈS;17079;GIRONA;1707900;;PRIVAT;SOCIETATS MERCANTILS;NO;2
2024/2025;EDUCACIÓ SECUNDÀRIA OBLIGATÒRIA;0117;GIRONA;20;GIRONÈS;17079;GIRONA;1707900;;PRIVAT;SOCIETATS MERCANTILS;SI;2
2024/2025;EDUCACIÓ SECUNDÀRIA OBLIGATÒRIA;0117;GIRONA;20;GIRONÈS;17079;GIRONA;1707900;;PÚBLIC;DEPARTAMENT D'EDUCACIÓ I FORMACIÓ PROFESSIONAL;;7
2024/2025;EDUCACIÓ SECUNDÀRIA OBLIGATÒRIA;0117;GIRONA;20;GIRONÈS;17089;LLAGOSTERA;1708900;;PÚBLIC;DEPARTAMENT D'EDUCACIÓ I FORMACIÓ PROFESSIONAL;;1
2024/2025;EDUCACIÓ SECUNDÀRIA OBLIGATÒRIA;0117;GIRONA;20;GIRONÈS;17155;SALT;1715500;;PRIVAT;FUNDACIONS;SI;1
2024/2025;EDUCACIÓ SECUNDÀRIA OBLIGATÒRIA;0117;GIRONA;20;GIRONÈS;17155;SALT;1715500;;PRIVAT;ORDES I CONGREGACIONS CATÒLICS;SI;1
2024/2025;EDUCACIÓ SECUNDÀRIA OBLIGATÒRIA;0117;GIRONA;20;GIRONÈS;17155;SALT;1715500;;PRIVAT;PERSONES FÍSIQUES;SI;1
2024/2025;EDUCACIÓ SECUNDÀRIA OBLIGATÒRIA;0117;GIRONA;20;GIRONÈS;17155;SALT;1715500;;PRIVAT;SOCIETATS MERCANTILS;SI;1
2024/2025;EDUCACIÓ SECUNDÀRIA OBLIGATÒRIA;0117;GIRONA;20;GIRONÈS;17155;SALT;1715500;;PÚBLIC;DEPARTAMENT D'EDUCACIÓ I FORMACIÓ PROFESSIONAL;;3
2024/2025;EDUCACIÓ SECUNDÀRIA OBLIGATÒRIA;0117;GIRONA;20;GIRONÈS;17163;SANT GREGORI;1716300;;PÚBLIC;DEPARTAMENT D'EDUCACIÓ I FORMACIÓ PROFESSIONAL;;1
2024/2025;EDUCACIÓ SECUNDÀRIA OBLIGATÒRIA;0117;GIRONA;20;GIRONÈS;17186;SARRIÀ DE TER;1718600;;PÚBLIC;DEPARTAMENT D'EDUCACIÓ I FORMACIÓ PROFESSIONAL;;1
2024/2025;EDUCACIÓ SECUNDÀRIA OBLIGATÒRIA;0117;GIRONA;20;GIRONÈS;17215;VILABLAREIX;1721500;;PÚBLIC;DEPARTAMENT D'EDUCACIÓ I FORMACIÓ PROFESSIONAL;;1
2024/2025;EDUCACIÓ SECUNDÀRIA OBLIGATÒRIA;0117;GIRONA;28;PLA DE L'ESTANY;17015;BANYOLES;1701500;;PRIVAT;ORDES I CONGREGACIONS CATÒLICS;SI;1
2024/2025;EDUCACIÓ SECUNDÀRIA OBLIGATÒRIA;0117;GIRONA;28;PLA DE L'ESTANY;17015;BANYOLES;1701500;;PÚBLIC;DEPARTAMENT D'EDUCACIÓ I FORMACIÓ PROFESSIONAL;;3
2024/2025;EDUCACIÓ SECUNDÀRIA OBLIGATÒRIA;0117;GIRONA;31;RIPOLLÈS;17039;CAMPRODON;1703900;;PÚBLIC;DEPARTAMENT D'EDUCACIÓ I FORMACIÓ PROFESSIONAL;;1
2024/2025;EDUCACIÓ SECUNDÀRIA OBLIGATÒRIA;0117;GIRONA;31;RIPOLLÈS;17145;RIBES DE FRESER;1714500;;PÚBLIC;DEPARTAMENT D'EDUCACIÓ I FORMACIÓ PROFESSIONAL;;1
2024/2025;EDUCACIÓ SECUNDÀRIA OBLIGATÒRIA;0117;GIRONA;31;RIPOLLÈS;17147;RIPOLL;1714700;;PRIVAT;FUNDACIONS;SI;1
2024/2025;EDUCACIÓ SECUNDÀRIA OBLIGATÒRIA;0117;GIRONA;31;RIPOLLÈS;17147;RIPOLL;1714700;;PÚBLIC;DEPARTAMENT D'EDUCACIÓ I FORMACIÓ PROFESSIONAL;;1
2024/2025;EDUCACIÓ SECUNDÀRIA OBLIGATÒRIA;0117;GIRONA;31;RIPOLLÈS;17167;SANT JOAN DE LES ABADESSES;1716700;;PÚBLIC;DEPARTAMENT D'EDUCACIÓ I FORMACIÓ PROFESSIONAL;;1
2024/2025;EDUCACIÓ SECUNDÀRIA OBLIGATÒRIA;0117;GIRONA;34;SELVA;17007;AMER;1700700;;PÚBLIC;DEPARTAMENT D'EDUCACIÓ I FORMACIÓ PROFESSIONAL;;1
2024/2025;EDUCACIÓ SECUNDÀRIA OBLIGATÒRIA;0117;GIRONA;34;SELVA;17008;ANGLÈS;1700800;;PRIVAT;FUNDACIONS;NO;1
2024/2025;EDUCACIÓ SECUNDÀRIA OBLIGATÒRIA;0117;GIRONA;34;SELVA;17008;ANGLÈS;1700800;;PRIVAT;FUNDACIONS;SI;1
2024/2025;EDUCACIÓ SECUNDÀRIA OBLIGATÒRIA;0117;GIRONA;34;SELVA;17008;ANGLÈS;1700800;;PÚBLIC;DEPARTAMENT D'EDUCACIÓ I FORMACIÓ PROFESSIONAL;;1
2024/2025;EDUCACIÓ SECUNDÀRIA OBLIGATÒRIA;0117;GIRONA;34;SELVA;17009;ARBÚCIES;1700900;;PÚBLIC;DEPARTAMENT D'EDUCACIÓ I FORMACIÓ PROFESSIONAL;;1
2024/2025;EDUCACIÓ SECUNDÀRIA OBLIGATÒRIA;0117;GIRONA;34;SELVA;17023;BLANES;1702300;;PRIVAT;FUNDACIONS;SI;1
2024/2025;EDUCACIÓ SECUNDÀRIA OBLIGATÒRIA;0117;GIRONA;34;SELVA;17023;BLANES;1702300;;PRIVAT;ORDES I CONGREGACIONS CATÒLICS;SI;1
2024/2025;EDUCACIÓ SECUNDÀRIA OBLIGATÒRIA;0117;GIRONA;34;SELVA;17023;BLANES;1702300;;PÚBLIC;DEPARTAMENT D'EDUCACIÓ I FORMACIÓ PROFESSIONAL;;4
2024/2025;EDUCACIÓ SECUNDÀRIA OBLIGATÒRIA;0117;GIRONA;34;SELVA;17027;BREDA;1702700;;PÚBLIC;DEPARTAMENT D'EDUCACIÓ I FORMACIÓ PROFESSIONAL;;1
2024/2025;EDUCACIÓ SECUNDÀRIA OBLIGATÒRIA;0117;GIRONA;34;SELVA;17033;CALDES DE MALAVELLA;1703300;;PÚBLIC;DEPARTAMENT D'EDUCACIÓ I FORMACIÓ PROFESSIONAL;;1
2024/2025;EDUCACIÓ SECUNDÀRIA OBLIGATÒRIA;0117;GIRONA;34;SELVA;17083;HOSTALRIC;1708300;;PÚBLIC;DEPARTAMENT D'EDUCACIÓ I FORMACIÓ PROFESSIONAL;;1
2024/2025;EDUCACIÓ SECUNDÀRIA OBLIGATÒRIA;0117;GIRONA;34;SELVA;17095;LLORET DE MAR;1709500;;PRIVAT;ORDES I CONGREGACIONS CATÒLICS;SI;1
2024/2025;EDUCACIÓ SECUNDÀRIA OBLIGATÒRIA;0117;GIRONA;34;SELVA;17095;LLORET DE MAR;1709500;;PÚBLIC;DEPARTAMENT D'EDUCACIÓ I FORMACIÓ PROFESSIONAL;;4
2024/2025;EDUCACIÓ SECUNDÀRIA OBLIGATÒRIA;0117;GIRONA;34;SELVA;17103;MAÇANET DE LA SELVA;1710300;;PÚBLIC;DEPARTAMENT D'EDUCACIÓ I FORMACIÓ PROFESSIONAL;;1
2024/2025;EDUCACIÓ SECUNDÀRIA OBLIGATÒRIA;0117;GIRONA;34;SELVA;17146;RIELLS I VIABREA;1714600;;PÚBLIC;DEPARTAMENT D'EDUCACIÓ I FORMACIÓ PROFESSIONAL;;1
2024/2025;EDUCACIÓ SECUNDÀRIA OBLIGATÒRIA;0117;GIRONA;34;SELVA;17164;SANT HILARI SACALM;1716400;;PÚBLIC;DEPARTAMENT D'EDUCACIÓ I FORMACIÓ PROFESSIONAL;;2
2024/2025;EDUCACIÓ SECUNDÀRIA OBLIGATÒRIA;0117;GIRONA;34;SELVA;17180;SANTA COLOMA DE FARNERS;1718000;;PRIVAT;ORDES I CONGREGACIONS CATÒLICS;SI;1
2024/2025;EDUCACIÓ SECUNDÀRIA OBLIGATÒRIA;0117;GIRONA;34;SELVA;17180;SANTA COLOMA DE FARNERS;1718000;;PÚBLIC;DEPARTAMENT D'EDUCACIÓ I FORMACIÓ PROFESSIONAL;;1
2024/2025;EDUCACIÓ SECUNDÀRIA OBLIGATÒRIA;0117;GIRONA;34;SELVA;17193;SILS;1719300;;PÚBLIC;DEPARTAMENT D'EDUCACIÓ I FORMACIÓ PROFESSIONAL;;1
2024/2025;EDUCACIÓ SECUNDÀRIA OBLIGATÒRIA;0117;GIRONA;34;SELVA;17202;TOSSA DE MAR;1720200;;PÚBLIC;DEPARTAMENT D'EDUCACIÓ I FORMACIÓ PROFESSIONAL;;1
2024/2025;EDUCACIÓ SECUNDÀRIA OBLIGATÒRIA;0117;GIRONA;34;SELVA;17213;VIDRERES;1721300;;PÚBLIC;DEPARTAMENT D'EDUCACIÓ I FORMACIÓ PROFESSIONAL;;1
2024/2025;EDUCACIÓ SECUNDÀRIA OBLIGATÒRIA;0125;LLEIDA;18;GARRIGUES;25058;LES BORGES BLANQUES;2505800;;PRIVAT;FUNDACIONS;SI;1
2024/2025;EDUCACIÓ SECUNDÀRIA OBLIGATÒRIA;0125;LLEIDA;18;GARRIGUES;25058;LES BORGES BLANQUES;2505800;;PÚBLIC;DEPARTAMENT D'EDUCACIÓ I FORMACIÓ PROFESSIONAL;;1
2024/2025;EDUCACIÓ SECUNDÀRIA OBLIGATÒRIA;0125;LLEIDA;18;GARRIGUES;25101;LA GRANADELLA;2510100;;PÚBLIC;DEPARTAMENT D'EDUCACIÓ I FORMACIÓ PROFESSIONAL;;1
2024/2025;EDUCACIÓ SECUNDÀRIA OBLIGATÒRIA;0125;LLEIDA;23;NOGUERA;25034;ARTESA DE SEGRE;2503400;;PÚBLIC;DEPARTAMENT D'EDUCACIÓ I FORMACIÓ PROFESSIONAL;;1
2024/2025;EDUCACIÓ SECUNDÀRIA OBLIGATÒRIA;0125;LLEIDA;23;NOGUERA;25040;BALAGUER;2504000;;PRIVAT;FUNDACIONS;SI;1
2024/2025;EDUCACIÓ SECUNDÀRIA OBLIGATÒRIA;0125;LLEIDA;23;NOGUERA;25040;BALAGUER;2504000;;PRIVAT;ORDES I CONGREGACIONS CATÒLICS;SI;1
2024/2025;EDUCACIÓ SECUNDÀRIA OBLIGATÒRIA;0125;LLEIDA;23;NOGUERA;25040;BALAGUER;2504000;;PÚBLIC;DEPARTAMENT D'EDUCACIÓ I FORMACIÓ PROFESSIONAL;;2
2024/2025;EDUCACIÓ SECUNDÀRIA OBLIGATÒRIA;0125;LLEIDA;23;NOGUERA;25047;BELLCAIRE D'URGELL;2504700;;PÚBLIC;DEPARTAMENT D'EDUCACIÓ I FORMACIÓ PROFESSIONAL;;1
2024/2025;EDUCACIÓ SECUNDÀRIA OBLIGATÒRIA;0125;LLEIDA;23;NOGUERA;25172;PONTS;2517200;;PÚBLIC;DEPARTAMENT D'EDUCACIÓ I FORMACIÓ PROFESSIONAL;;1
2024/2025;EDUCACIÓ SECUNDÀRIA OBLIGATÒRIA;0125;LLEIDA;27;PLA D'URGELL;25137;MOLLERUSSA;2513700;;PRIVAT;ORDES I CONGREGACIONS CATÒLICS;SI;1
2024/2025;EDUCACIÓ SECUNDÀRIA OBLIGATÒRIA;0125;LLEIDA;27;PLA D'URGELL;25137;MOLLERUSSA;2513700;;PÚBLIC;DEPARTAMENT D'EDUCACIÓ I FORMACIÓ PROFESSIONAL;;3
2024/2025;EDUCACIÓ SECUNDÀRIA OBLIGATÒRIA;0125;LLEIDA;32;SEGARRA;25072;CERVERA;2507200;;PÚBLIC;DEPARTAMENT D'EDUCACIÓ I FORMACIÓ PROFESSIONAL;;2
2024/2025;EDUCACIÓ SECUNDÀRIA OBLIGATÒRIA;0125;LLEIDA;32;SEGARRA;25110;GUISSONA;2511000;;PRIVAT;FUNDACIONS;SI;1
2024/2025;EDUCACIÓ SECUNDÀRIA OBLIGATÒRIA;0125;LLEIDA;32;SEGARRA;25110;GUISSONA;2511000;;PÚBLIC;DEPARTAMENT D'EDUCACIÓ I FORMACIÓ PROFESSIONAL;;1
2024/2025;EDUCACIÓ SECUNDÀRIA OBLIGATÒRIA;0125;LLEIDA;33;SEGRIÀ;25011;ALCARRÀS;2501100;;PÚBLIC;DEPARTAMENT D'EDUCACIÓ I FORMACIÓ PROFESSIONAL;;2
2024/2025;EDUCACIÓ SECUNDÀRIA OBLIGATÒRIA;0125;LLEIDA;33;SEGRIÀ;25019;ALMACELLES;2501900;;PÚBLIC;DEPARTAMENT D'EDUCACIÓ I FORMACIÓ PROFESSIONAL;;1
2024/2025;EDUCACIÓ SECUNDÀRIA OBLIGATÒRIA;0125;LLEIDA;33;SEGRIÀ;25021;ALMENAR;2502100;;PÚBLIC;DEPARTAMENT D'EDUCACIÓ I FORMACIÓ PROFESSIONAL;;1
2024/2025;EDUCACIÓ SECUNDÀRIA OBLIGATÒRIA;0125;LLEIDA;33;SEGRIÀ;25023;ALPICAT;2502300;;PÚBLIC;DEPARTAMENT D'EDUCACIÓ I FORMACIÓ PROFESSIONAL;;1
2024/2025;EDUCACIÓ SECUNDÀRIA OBLIGATÒRIA;0125;LLEIDA;33;SEGRIÀ;25120;LLEIDA;2512000;;PRIVAT;COOPERATIVES;SI;1
2024/2025;EDUCACIÓ SECUNDÀRIA OBLIGATÒRIA;0125;LLEIDA;33;SEGRIÀ;25120;LLEIDA;2512000;;PRIVAT;ESGLÉSIA CATÒLICA;SI;1
2024/2025;EDUCACIÓ SECUNDÀRIA OBLIGATÒRIA;0125;LLEIDA;33;SEGRIÀ;25120;LLEIDA;2512000;;PRIVAT;FUNDACIONS;SI;5
2024/2025;EDUCACIÓ SECUNDÀRIA OBLIGATÒRIA;0125;LLEIDA;33;SEGRIÀ;25120;LLEIDA;2512000;;PRIVAT;ORDES I CONGREGACIONS CATÒLICS;NO;1
2024/2025;EDUCACIÓ SECUNDÀRIA OBLIGATÒRIA;0125;LLEIDA;33;SEGRIÀ;25120;LLEIDA;2512000;;PRIVAT;ORDES I CONGREGACIONS CATÒLICS;SI;2
2024/2025;EDUCACIÓ SECUNDÀRIA OBLIGATÒRIA;0125;LLEIDA;33;SEGRIÀ;25120;LLEIDA;2512000;;PRIVAT;SOCIETATS MERCANTILS;SI;3
2024/2025;EDUCACIÓ SECUNDÀRIA OBLIGATÒRIA;0125;LLEIDA;33;SEGRIÀ;25120;LLEIDA;2512000;;PÚBLIC;DEPARTAMENT D'EDUCACIÓ I FORMACIÓ PROFESSIONAL;;14
2024/2025;EDUCACIÓ SECUNDÀRIA OBLIGATÒRIA;0125;LLEIDA;33;SEGRIÀ;25204;SERÒS;2520400;;PÚBLIC;DEPARTAMENT D'EDUCACIÓ I FORMACIÓ PROFESSIONAL;;1
2024/2025;EDUCACIÓ SECUNDÀRIA OBLIGATÒRIA;0125;LLEIDA;33;SEGRIÀ;25228;TORREFARRERA;2522800;;PÚBLIC;DEPARTAMENT D'EDUCACIÓ I FORMACIÓ PROFESSIONAL;;1
2024/2025;EDUCACIÓ SECUNDÀRIA OBLIGATÒRIA;0125;LLEIDA;38;URGELL;25003;AGRAMUNT;2500300;;PÚBLIC;DEPARTAMENT D'EDUCACIÓ I FORMACIÓ PROFESSIONAL;;1
2024/2025;EDUCACIÓ SECUNDÀRIA OBLIGATÒRIA;0125;LLEIDA;38;URGELL;25050;BELLPUIG;2505000;;PÚBLIC;DEPARTAMENT D'EDUCACIÓ I FORMACIÓ PROFESSIONAL;;1
2024/2025;EDUCACIÓ SECUNDÀRIA OBLIGATÒRIA;0125;LLEIDA;38;URGELL;25217;TÀRREGA;2521700;;PRIVAT;FUNDACIONS;SI;1
2024/2025;EDUCACIÓ SECUNDÀRIA OBLIGATÒRIA;0125;LLEIDA;38;URGELL;25217;TÀRREGA;2521700;;PRIVAT;ORDES I CONGREGACIONS CATÒLICS;SI;1
2024/2025;EDUCACIÓ SECUNDÀRIA OBLIGATÒRIA;0125;LLEIDA;38;URGELL;25217;TÀRREGA;2521700;;PÚBLIC;DEPARTAMENT D'EDUCACIÓ I FORMACIÓ PROFESSIONAL;;2
2024/2025;EDUCACIÓ SECUNDÀRIA OBLIGATÒRIA;0143;TARRAGONA;01;ALT CAMP;43005;ALCOVER;4300500;;PÚBLIC;DEPARTAMENT D'EDUCACIÓ I FORMACIÓ PROFESSIONAL;;1
2024/2025;EDUCACIÓ SECUNDÀRIA OBLIGATÒRIA;0143;TARRAGONA;01;ALT CAMP;43161;VALLS;4316100;;PRIVAT;FUNDACIONS;SI;1
2024/2025;EDUCACIÓ SECUNDÀRIA OBLIGATÒRIA;0143;TARRAGONA;01;ALT CAMP;43161;VALLS;4316100;;PRIVAT;ORDES I CONGREGACIONS CATÒLICS;SI;1
2024/2025;EDUCACIÓ SECUNDÀRIA OBLIGATÒRIA;0143;TARRAGONA;01;ALT CAMP;43161;VALLS;4316100;;PÚBLIC;DEPARTAMENT D'EDUCACIÓ I FORMACIÓ PROFESSIONAL;;3
2024/2025;EDUCACIÓ SECUNDÀRIA OBLIGATÒRIA;0143;TARRAGONA;08;BAIX CAMP;43031;LES BORGES DEL CAMP;4303100;;PÚBLIC;DEPARTAMENT D'EDUCACIÓ I FORMACIÓ PROFESSIONAL;;1
2024/2025;EDUCACIÓ SECUNDÀRIA OBLIGATÒRIA;0143;TARRAGONA;08;BAIX CAMP;43038;CAMBRILS;4303800;;PRIVAT;FUNDACIONS;SI;1
2024/2025;EDUCACIÓ SECUNDÀRIA OBLIGATÒRIA;0143;TARRAGONA;08;BAIX CAMP;43038;CAMBRILS;4303800;;PÚBLIC;DEPARTAMENT D'EDUCACIÓ I FORMACIÓ PROFESSIONAL;;4
2024/2025;EDUCACIÓ SECUNDÀRIA OBLIGATÒRIA;0143;TARRAGONA;08;BAIX CAMP;43092;MONT-ROIG DEL CAMP;4309200;;PÚBLIC;DEPARTAMENT D'EDUCACIÓ I FORMACIÓ PROFESSIONAL;;2
2024/2025;EDUCACIÓ SECUNDÀRIA OBLIGATÒRIA;0143;TARRAGONA;08;BAIX CAMP;43123;REUS;4312300;;PRIVAT;COOPERATIVES;SI;1
2024/2025;EDUCACIÓ SECUNDÀRIA OBLIGATÒRIA;0143;TARRAGONA;08;BAIX CAMP;43123;REUS;4312300;;PRIVAT;FUNDACIONS;SI;1
2024/2025;EDUCACIÓ SECUNDÀRIA OBLIGATÒRIA;0143;TARRAGONA;08;BAIX CAMP;43123;REUS;4312300;;PRIVAT;ORDES I CONGREGACIONS CATÒLICS;SI;4
2024/2025;EDUCACIÓ SECUNDÀRIA OBLIGATÒRIA;0143;TARRAGONA;08;BAIX CAMP;43123;REUS;4312300;;PRIVAT;SOCIETATS MERCANTILS;SI;3
2024/2025;EDUCACIÓ SECUNDÀRIA OBLIGATÒRIA;0143;TARRAGONA;08;BAIX CAMP;43123;REUS;4312300;;PÚBLIC;DEPARTAMENT D'EDUCACIÓ I FORMACIÓ PROFESSIONAL;;8
2024/2025;EDUCACIÓ SECUNDÀRIA OBLIGATÒRIA;0143;TARRAGONA;08;BAIX CAMP;43129;RIUDOMS;4312900;;PÚBLIC;DEPARTAMENT D'EDUCACIÓ I FORMACIÓ PROFESSIONAL;;1
2024/2025;EDUCACIÓ SECUNDÀRIA OBLIGATÒRIA;0143;TARRAGONA;08;BAIX CAMP;43145;LA SELVA DEL CAMP;4314500;;PÚBLIC;DEPARTAMENT D'EDUCACIÓ I FORMACIÓ PROFESSIONAL;;1
2024/2025;EDUCACIÓ SECUNDÀRIA OBLIGATÒRIA;0143;TARRAGONA;08;BAIX CAMP;43162;VANDELLÒS I L'HOSPITALET DE L'INFANT;4316200;;PÚBLIC;DEPARTAMENT D'EDUCACIÓ I FORMACIÓ PROFESSIONAL;;1
2024/2025;EDUCACIÓ SECUNDÀRIA OBLIGATÒRIA;0143;TARRAGONA;16;CONCA DE BARBERÀ;43054;L'ESPLUGA DE FRANCOLÍ;4305400;;PÚBLIC;DEPARTAMENT D'EDUCACIÓ I FORMACIÓ PROFESSIONAL;;1
2024/2025;EDUCACIÓ SECUNDÀRIA OBLIGATÒRIA;0143;TARRAGONA;16;CONCA DE BARBERÀ;43086;MONTBLANC;4308600;;PRIVAT;FUNDACIONS;SI;1
2024/2025;EDUCACIÓ SECUNDÀRIA OBLIGATÒRIA;0143;TARRAGONA;16;CONCA DE BARBERÀ;43086;MONTBLANC;4308600;;PÚBLIC;DEPARTAMENT D'EDUCACIÓ I FORMACIÓ PROFESSIONAL;;1
2024/2025;EDUCACIÓ SECUNDÀRIA OBLIGATÒRIA;0143;TARRAGONA;16;CONCA DE BARBERÀ;43139;SANTA COLOMA DE QUERALT;4313900;;PÚBLIC;DEPARTAMENT D'EDUCACIÓ I FORMACIÓ PROFESSIONAL;;1
2024/2025;EDUCACIÓ SECUNDÀRIA OBLIGATÒRIA;0143;TARRAGONA;29;PRIORAT;43049;CORNUDELLA DE MONTSANT;4304900;;PÚBLIC;DEPARTAMENT D'EDUCACIÓ I FORMACIÓ PROFESSIONAL;;1
2024/2025;EDUCACIÓ SECUNDÀRIA OBLIGATÒRIA;0143;TARRAGONA;29;PRIORAT;43055;FALSET;4305500;;PÚBLIC;DEPARTAMENT D'EDUCACIÓ I FORMACIÓ PROFESSIONAL;;1
2024/2025;EDUCACIÓ SECUNDÀRIA OBLIGATÒRIA;0143;TARRAGONA;36;TARRAGONÈS;43012;ALTAFULLA;4301200;;PÚBLIC;DEPARTAMENT D'EDUCACIÓ I FORMACIÓ PROFESSIONAL;;1
2024/2025;EDUCACIÓ SECUNDÀRIA OBLIGATÒRIA;0143;TARRAGONA;36;TARRAGONÈS;43043;EL CATLLAR;4304300;;PÚBLIC;DEPARTAMENT D'EDUCACIÓ I FORMACIÓ PROFESSIONAL;;1
2024/2025;EDUCACIÓ SECUNDÀRIA OBLIGATÒRIA;0143;TARRAGONA;36;TARRAGONÈS;43047;CONSTANTÍ;4304700;;PÚBLIC;DEPARTAMENT D'EDUCACIÓ I FORMACIÓ PROFESSIONAL;;1
2024/2025;EDUCACIÓ SECUNDÀRIA OBLIGATÒRIA;0143;TARRAGONA;36;TARRAGONÈS;43095;EL MORELL;4309500;;PÚBLIC;DEPARTAMENT D'EDUCACIÓ I FORMACIÓ PROFESSIONAL;;1
2024/2025;EDUCACIÓ SECUNDÀRIA OBLIGATÒRIA;0143;TARRAGONA;36;TARRAGONÈS;43100;ELS PALLARESOS;4310000;;PÚBLIC;DEPARTAMENT D'EDUCACIÓ I FORMACIÓ PROFESSIONAL;;1
2024/2025;EDUCACIÓ SECUNDÀRIA OBLIGATÒRIA;0143;TARRAGONA;36;TARRAGONÈS;43131;RODA DE BERÀ;4313100;;PÚBLIC;DEPARTAMENT D'EDUCACIÓ I FORMACIÓ PROFESSIONAL;;1
2024/2025;EDUCACIÓ SECUNDÀRIA OBLIGATÒRIA;0143;TARRAGONA;36;TARRAGONÈS;43148;TARRAGONA;4314800;;PRIVAT;FUNDACIONS;SI;6
2024/2025;EDUCACIÓ SECUNDÀRIA OBLIGATÒRIA;0143;TARRAGONA;36;TARRAGONÈS;43148;TARRAGONA;4314800;;PRIVAT;ORDES I CONGREGACIONS CATÒLICS;SI;4
2024/2025;EDUCACIÓ SECUNDÀRIA OBLIGATÒRIA;0143;TARRAGONA;36;TARRAGONÈS;43148;TARRAGONA;4314800;;PRIVAT;SOCIETATS MERCANTILS;SI;2
2024/2025;EDUCACIÓ SECUNDÀRIA OBLIGATÒRIA;0143;TARRAGONA;36;TARRAGONÈS;43148;TARRAGONA;4314800;;PÚBLIC;DEPARTAMENT D'EDUCACIÓ I FORMACIÓ PROFESSIONAL;;9
2024/2025;EDUCACIÓ SECUNDÀRIA OBLIGATÒRIA;0143;TARRAGONA;36;TARRAGONÈS;43153;TORREDEMBARRA;4315300;;PÚBLIC;DEPARTAMENT D'EDUCACIÓ I FORMACIÓ PROFESSIONAL;;2
2024/2025;EDUCACIÓ SECUNDÀRIA OBLIGATÒRIA;0143;TARRAGONA;36;TARRAGONÈS;43171;VILA-SECA;4317100;;PÚBLIC;DEPARTAMENT D'EDUCACIÓ I FORMACIÓ PROFESSIONAL;;2
2024/2025;EDUCACIÓ SECUNDÀRIA OBLIGATÒRIA;0143;TARRAGONA;36;TARRAGONÈS;43905;SALOU;4390500;;PRIVAT;COOPERATIVES;SI;1
2024/2025;EDUCACIÓ SECUNDÀRIA OBLIGATÒRIA;0143;TARRAGONA;36;TARRAGONÈS;43905;SALOU;4390500;;PRIVAT;FUNDACIONS;NO;1
2024/2025;EDUCACIÓ SECUNDÀRIA OBLIGATÒRIA;0143;TARRAGONA;36;TARRAGONÈS;43905;SALOU;4390500;;PÚBLIC;DEPARTAMENT D'EDUCACIÓ I FORMACIÓ PROFESSIONAL;;2
2024/2025;EDUCACIÓ SECUNDÀRIA OBLIGATÒRIA;0143;TARRAGONA;36;TARRAGONÈS;43907;LA CANONJA;4390700;;PÚBLIC;DEPARTAMENT D'EDUCACIÓ I FORMACIÓ PROFESSIONAL;;1
2024/2025;EDUCACIÓ SECUNDÀRIA OBLIGATÒRIA;0208;BARCELONÈS;13;BARCELONÈS;08015;BADALONA;0801500;;PRIVAT;FUNDACIONS;SI;7
2024/2025;EDUCACIÓ SECUNDÀRIA OBLIGATÒRIA;0208;BARCELONÈS;13;BARCELONÈS;08015;BADALONA;0801500;;PRIVAT;ORDES I CONGREGACIONS CATÒLICS;SI;4
2024/2025;EDUCACIÓ SECUNDÀRIA OBLIGATÒRIA;0208;BARCELONÈS;13;BARCELONÈS;08015;BADALONA;0801500;;PRIVAT;SOCIETATS MERCANTILS;SI;8
2024/2025;EDUCACIÓ SECUNDÀRIA OBLIGATÒRIA;0208;BARCELONÈS;13;BARCELONÈS;08015;BADALONA;0801500;;PÚBLIC;DEPARTAMENT D'EDUCACIÓ I FORMACIÓ PROFESSIONAL;;17
2024/2025;EDUCACIÓ SECUNDÀRIA OBLIGATÒRIA;0208;BARCELONÈS;13;BARCELONÈS;08101;L'HOSPITALET DE LLOBREGAT;0810100;;PÚBLIC;DEPARTAMENT D'EDUCACIÓ I FORMACIÓ PROFESSIONAL;;5
2024/2025;EDUCACIÓ SECUNDÀRIA OBLIGATÒRIA;0208;BARCELONÈS;13;BARCELONÈS;08101;L'HOSPITALET DE LLOBREGAT;0810101;CENTRE - SANT JOSEP - SANTFELIU;PRIVAT;COOPERATIVES;SI;1
2024/2025;EDUCACIÓ SECUNDÀRIA OBLIGATÒRIA;0208;BARCELONÈS;13;BARCELONÈS;08101;L'HOSPITALET DE LLOBREGAT;0810101;CENTRE - SANT JOSEP - SANTFELIU;PRIVAT;FUNDACIONS;SI;1
2024/2025;EDUCACIÓ SECUNDÀRIA OBLIGATÒRIA;0208;BARCELONÈS;13;BARCELONÈS;08101;L'HOSPITALET DE LLOBREGAT;0810101;CENTRE - SANT JOSEP - SANTFELIU;PRIVAT;SOCIETATS MERCANTILS;SI;2
2024/2025;EDUCACIÓ SECUNDÀRIA OBLIGATÒRIA;0208;BARCELONÈS;13;BARCELONÈS;08101;L'HOSPITALET DE LLOBREGAT;0810101;CENTRE - SANT JOSEP - SANTFELIU;PÚBLIC;DEPARTAMENT D'EDUCACIÓ I FORMACIÓ PROFESSIONAL;;3
2024/2025;EDUCACIÓ SECUNDÀRIA OBLIGATÒRIA;0208;BARCELONÈS;13;BARCELONÈS;08101;L'HOSPITALET DE LLOBREGAT;0810102;COLLBLANC - TORRASSA;PRIVAT;FUNDACIONS;SI;1
2024/2025;EDUCACIÓ SECUNDÀRIA OBLIGATÒRIA;0208;BARCELONÈS;13;BARCELONÈS;08101;L'HOSPITALET DE LLOBREGAT;0810102;COLLBLANC - TORRASSA;PRIVAT;SOCIETATS MERCANTILS;SI;1
2024/2025;EDUCACIÓ SECUNDÀRIA OBLIGATÒRIA;0208;BARCELONÈS;13;BARCELONÈS;08101;L'HOSPITALET DE LLOBREGAT;0810102;COLLBLANC - TORRASSA;PÚBLIC;DEPARTAMENT D'EDUCACIÓ I FORMACIÓ PROFESSIONAL;;2
2024/2025;EDUCACIÓ SECUNDÀRIA OBLIGATÒRIA;0208;BARCELONÈS;13;BARCELONÈS;08101;L'HOSPITALET DE LLOBREGAT;0810103;SANTA EULÀLIA;PRIVAT;ESGLÉSIA CATÒLICA;SI;1
2024/2025;EDUCACIÓ SECUNDÀRIA OBLIGATÒRIA;0208;BARCELONÈS;13;BARCELONÈS;08101;L'HOSPITALET DE LLOBREGAT;0810103;SANTA EULÀLIA;PÚBLIC;DEPARTAMENT D'EDUCACIÓ I FORMACIÓ PROFESSIONAL;;2
2024/2025;EDUCACIÓ SECUNDÀRIA OBLIGATÒRIA;0208;BARCELONÈS;13;BARCELONÈS;08101;L'HOSPITALET DE LLOBREGAT;0810104;LA FLORIDA;PRIVAT;COOPERATIVES;SI;1
2024/2025;EDUCACIÓ SECUNDÀRIA OBLIGATÒRIA;0208;BARCELONÈS;13;BARCELONÈS;08101;L'HOSPITALET DE LLOBREGAT;0810104;LA FLORIDA;PRIVAT;SOCIETATS MERCANTILS;SI;2
2024/2025;EDUCACIÓ SECUNDÀRIA OBLIGATÒRIA;0208;BARCELONÈS;13;BARCELONÈS;08101;L'HOSPITALET DE LLOBREGAT;0810104;LA FLORIDA;PÚBLIC;DEPARTAMENT D'EDUCACIÓ I FORMACIÓ PROFESSIONAL;;2
2024/2025;EDUCACIÓ SECUNDÀRIA OBLIGATÒRIA;0208;BARCELONÈS;13;BARCELONÈS;08101;L'HOSPITALET DE LLOBREGAT;0810105;PUBILLA CASAS;PRIVAT;ORDES I CONGREGACIONS CATÒLICS;SI;1
2024/2025;EDUCACIÓ SECUNDÀRIA OBLIGATÒRIA;0208;BARCELONÈS;13;BARCELONÈS;08101;L'HOSPITALET DE LLOBREGAT;0810105;PUBILLA CASAS;PRIVAT;SOCIETATS MERCANTILS;SI;3
2024/2025;EDUCACIÓ SECUNDÀRIA OBLIGATÒRIA;0208;BARCELONÈS;13;BARCELONÈS;08101;L'HOSPITALET DE LLOBREGAT;0810105;PUBILLA CASAS;PÚBLIC;DEPARTAMENT D'EDUCACIÓ I FORMACIÓ PROFESSIONAL;;2
2024/2025;EDUCACIÓ SECUNDÀRIA OBLIGATÒRIA;0208;BARCELONÈS;13;BARCELONÈS;08101;L'HOSPITALET DE LLOBREGAT;0810106;BELLVITGE - POLÍGON GORNAL;PRIVAT;COOPERATIVES;SI;1
2024/2025;EDUCACIÓ SECUNDÀRIA OBLIGATÒRIA;0208;BARCELONÈS;13;BARCELONÈS;08101;L'HOSPITALET DE LLOBREGAT;0810106;BELLVITGE - POLÍGON GORNAL;PRIVAT;FUNDACIONS;SI;2
2024/2025;EDUCACIÓ SECUNDÀRIA OBLIGATÒRIA;0208;BARCELONÈS;13;BARCELONÈS;08101;L'HOSPITALET DE LLOBREGAT;0810106;BELLVITGE - POLÍGON GORNAL;PRIVAT;SOCIETATS MERCANTILS;SI;2
2024/2025;EDUCACIÓ SECUNDÀRIA OBLIGATÒRIA;0208;BARCELONÈS;13;BARCELONÈS;08101;L'HOSPITALET DE LLOBREGAT;0810106;BELLVITGE - POLÍGON GORNAL;PÚBLIC;DEPARTAMENT D'EDUCACIÓ I FORMACIÓ PROFESSIONAL;;2
2024/2025;EDUCACIÓ SECUNDÀRIA OBLIGATÒRIA;0208;BARCELONÈS;13;BARCELONÈS;08194;SANT ADRIÀ DE BESÒS;0819400;;PRIVAT;FUNDACIONS;SI;1
2024/2025;EDUCACIÓ SECUNDÀRIA OBLIGATÒRIA;0208;BARCELONÈS;13;BARCELONÈS;08194;SANT ADRIÀ DE BESÒS;0819400;;PRIVAT;ORDES I CONGREGACIONS CATÒLICS;SI;1
2024/2025;EDUCACIÓ SECUNDÀRIA OBLIGATÒRIA;0208;BARCELONÈS;13;BARCELONÈS;08194;SANT ADRIÀ DE BESÒS;0819400;;PRIVAT;SOCIETATS MERCANTILS;SI;1
2024/2025;EDUCACIÓ SECUNDÀRIA OBLIGATÒRIA;0208;BARCELONÈS;13;BARCELONÈS;08194;SANT ADRIÀ DE BESÒS;0819400;;PÚBLIC;DEPARTAMENT D'EDUCACIÓ I FORMACIÓ PROFESSIONAL;;2
2024/2025;EDUCACIÓ SECUNDÀRIA OBLIGATÒRIA;0208;BARCELONÈS;13;BARCELONÈS;08245;SANTA COLOMA DE GRAMENET;0824500;;PÚBLIC;DEPARTAMENT D'EDUCACIÓ I FORMACIÓ PROFESSIONAL;;4
2024/2025;EDUCACIÓ SECUNDÀRIA OBLIGATÒRIA;0208;BARCELONÈS;13;BARCELONÈS;08245;SANTA COLOMA DE GRAMENET;0824501;SANTA COLOMA DE GRAMENET 1;PRIVAT;FUNDACIONS;SI;2
2024/2025;EDUCACIÓ SECUNDÀRIA OBLIGATÒRIA;0208;BARCELONÈS;13;BARCELONÈS;08245;SANTA COLOMA DE GRAMENET;0824501;SANTA COLOMA DE GRAMENET 1;PRIVAT;SOCIETATS MERCANTILS;SI;2
2024/2025;EDUCACIÓ SECUNDÀRIA OBLIGATÒRIA;0208;BARCELONÈS;13;BARCELONÈS;08245;SANTA COLOMA DE GRAMENET;0824502;SANTA COLOMA DE GRAMENET 2;PÚBLIC;DEPARTAMENT D'EDUCACIÓ I FORMACIÓ PROFESSIONAL;;3
2024/2025;EDUCACIÓ SECUNDÀRIA OBLIGATÒRIA;0208;BARCELONÈS;13;BARCELONÈS;08245;SANTA COLOMA DE GRAMENET;0824503;SANTA COLOMA DE GRAMENET 3;PRIVAT;SOCIETATS MERCANTILS;SI;1
2024/2025;EDUCACIÓ SECUNDÀRIA OBLIGATÒRIA;0208;BARCELONÈS;13;BARCELONÈS;08245;SANTA COLOMA DE GRAMENET;0824503;SANTA COLOMA DE GRAMENET 3;PÚBLIC;DEPARTAMENT D'EDUCACIÓ I FORMACIÓ PROFESSIONAL;;3
2024/2025;EDUCACIÓ SECUNDÀRIA OBLIGATÒRIA;0208;BARCELONÈS;13;BARCELONÈS;08245;SANTA COLOMA DE GRAMENET;0824504;SANTA COLOMA DE GRAMENET 4;PRIVAT;SOCIETATS MERCANTILS;SI;1
2024/2025;EDUCACIÓ SECUNDÀRIA OBLIGATÒRIA;0208;BARCELONÈS;13;BARCELONÈS;08245;SANTA COLOMA DE GRAMENET;0824505;SANTA COLOMA DE GRAMENET 5;PÚBLIC;DEPARTAMENT D'EDUCACIÓ I FORMACIÓ PROFESSIONAL;;1
2024/2025;EDUCACIÓ SECUNDÀRIA OBLIGATÒRIA;0208;BARCELONÈS;13;BARCELONÈS;08245;SANTA COLOMA DE GRAMENET;0824506;SANTA COLOMA DE GRAMENET 6;PRIVAT;COOPERATIVES;SI;1
2024/2025;EDUCACIÓ SECUNDÀRIA OBLIGATÒRIA;0208;BARCELONÈS;13;BARCELONÈS;08245;SANTA COLOMA DE GRAMENET;0824506;SANTA COLOMA DE GRAMENET 6;PRIVAT;SOCIETATS MERCANTILS;SI;1
2024/2025;EDUCACIÓ SECUNDÀRIA OBLIGATÒRIA;0243;TERRES DE L'EBRE;09;BAIX EBRE;43013;L'AMETLLA DE MAR;4301300;;PÚBLIC;DEPARTAMENT D'EDUCACIÓ I FORMACIÓ PROFESSIONAL;;1
2024/2025;EDUCACIÓ SECUNDÀRIA OBLIGATÒRIA;0243;TERRES DE L'EBRE;09;BAIX EBRE;43104;EL PERELLÓ;4310400;;PÚBLIC;DEPARTAMENT D'EDUCACIÓ I FORMACIÓ PROFESSIONAL;;1
2024/2025;EDUCACIÓ SECUNDÀRIA OBLIGATÒRIA;0243;TERRES DE L'EBRE;09;BAIX EBRE;43133;ROQUETES;4313300;;PÚBLIC;DEPARTAMENT D'EDUCACIÓ I FORMACIÓ PROFESSIONAL;;1
2024/2025;EDUCACIÓ SECUNDÀRIA OBLIGATÒRIA;0243;TERRES DE L'EBRE;09;BAIX EBRE;43155;TORTOSA;4315500;;PRIVAT;ESGLÉSIA CATÒLICA;SI;1
2024/2025;EDUCACIÓ SECUNDÀRIA OBLIGATÒRIA;0243;TERRES DE L'EBRE;09;BAIX EBRE;43155;TORTOSA;4315500;;PRIVAT;FUNDACIONS;SI;1
2024/2025;EDUCACIÓ SECUNDÀRIA OBLIGATÒRIA;0243;TERRES DE L'EBRE;09;BAIX EBRE;43155;TORTOSA;4315500;;PRIVAT;ORDES I CONGREGACIONS CATÒLICS;SI;1
2024/2025;EDUCACIÓ SECUNDÀRIA OBLIGATÒRIA;0243;TERRES DE L'EBRE;09;BAIX EBRE;43155;TORTOSA;4315500;;PÚBLIC;DEPARTAMENT D'EDUCACIÓ I FORMACIÓ PROFESSIONAL;;4
2024/2025;EDUCACIÓ SECUNDÀRIA OBLIGATÒRIA;0243;TERRES DE L'EBRE;09;BAIX EBRE;43901;DELTEBRE;4390100;;PÚBLIC;DEPARTAMENT D'EDUCACIÓ I FORMACIÓ PROFESSIONAL;;1
2024/2025;EDUCACIÓ SECUNDÀRIA OBLIGATÒRIA;0243;TERRES DE L'EBRE;09;BAIX EBRE;43903;CAMARLES;4390300;;PÚBLIC;DEPARTAMENT D'EDUCACIÓ I FORMACIÓ PROFESSIONAL;;1
2024/2025;EDUCACIÓ SECUNDÀRIA OBLIGATÒRIA;0243;TERRES DE L'EBRE;22;MONTSIÀ;43004;ALCANAR;4300400;;PÚBLIC;DEPARTAMENT D'EDUCACIÓ I FORMACIÓ PROFESSIONAL;;1
2024/2025;EDUCACIÓ SECUNDÀRIA OBLIGATÒRIA;0243;TERRES DE L'EBRE;22;MONTSIÀ;43014;AMPOSTA;4301400;;PRIVAT;ORDES I CONGREGACIONS CATÒLICS;SI;1
2024/2025;EDUCACIÓ SECUNDÀRIA OBLIGATÒRIA;0243;TERRES DE L'EBRE;22;MONTSIÀ;43014;AMPOSTA;4301400;;PÚBLIC;DEPARTAMENT D'EDUCACIÓ I FORMACIÓ PROFESSIONAL;;3
2024/2025;EDUCACIÓ SECUNDÀRIA OBLIGATÒRIA;0243;TERRES DE L'EBRE;22;MONTSIÀ;43044;LA SÉNIA;4304400;;PÚBLIC;DEPARTAMENT D'EDUCACIÓ I FORMACIÓ PROFESSIONAL;;1
2024/2025;EDUCACIÓ SECUNDÀRIA OBLIGATÒRIA;0243;TERRES DE L'EBRE;22;MONTSIÀ;43136;LA RÀPITA;4313600;;PRIVAT;ORDES I CONGREGACIONS CATÒLICS;SI;1
2024/2025;EDUCACIÓ SECUNDÀRIA OBLIGATÒRIA;0243;TERRES DE L'EBRE;22;MONTSIÀ;43136;LA RÀPITA;4313600;;PÚBLIC;DEPARTAMENT D'EDUCACIÓ I FORMACIÓ PROFESSIONAL;;1
2024/2025;EDUCACIÓ SECUNDÀRIA OBLIGATÒRIA;0243;TERRES DE L'EBRE;22;MONTSIÀ;43138;SANTA BÀRBARA;4313800;;PÚBLIC;DEPARTAMENT D'EDUCACIÓ I FORMACIÓ PROFESSIONAL;;1
2024/2025;EDUCACIÓ SECUNDÀRIA OBLIGATÒRIA;0243;TERRES DE L'EBRE;22;MONTSIÀ;43156;ULLDECONA;4315600;;PÚBLIC;DEPARTAMENT D'EDUCACIÓ I FORMACIÓ PROFESSIONAL;;1
2024/2025;EDUCACIÓ SECUNDÀRIA OBLIGATÒRIA;0243;TERRES DE L'EBRE;30;RIBERA D'EBRE;43060;FLIX;4306000;;PÚBLIC;DEPARTAMENT D'EDUCACIÓ I FORMACIÓ PROFESSIONAL;;1
2024/2025;EDUCACIÓ SECUNDÀRIA OBLIGATÒRIA;0243;TERRES DE L'EBRE;30;RIBERA D'EBRE;43093;MÓRA D'EBRE;4309300;;PRIVAT;FUNDACIONS;SI;1
2024/2025;EDUCACIÓ SECUNDÀRIA OBLIGATÒRIA;0243;TERRES DE L'EBRE;30;RIBERA D'EBRE;43093;MÓRA D'EBRE;4309300;;PÚBLIC;DEPARTAMENT D'EDUCACIÓ I FORMACIÓ PROFESSIONAL;;1
2024/2025;EDUCACIÓ SECUNDÀRIA OBLIGATÒRIA;0243;TERRES DE L'EBRE;30;RIBERA D'EBRE;43094;MÓRA LA NOVA;4309400;;PÚBLIC;DEPARTAMENT D'EDUCACIÓ I FORMACIÓ PROFESSIONAL;;1
2024/2025;EDUCACIÓ SECUNDÀRIA OBLIGATÒRIA;0243;TERRES DE L'EBRE;37;TERRA ALTA;43022;BATEA;4302200;;PÚBLIC;DEPARTAMENT D'EDUCACIÓ I FORMACIÓ PROFESSIONAL;;1
2024/2025;EDUCACIÓ SECUNDÀRIA OBLIGATÒRIA;0243;TERRES DE L'EBRE;37;TERRA ALTA;43064;GANDESA;4306400;;PÚBLIC;DEPARTAMENT D'EDUCACIÓ I FORMACIÓ PROFESSIONAL;;1
2024/2025;EDUCACIÓ SECUNDÀRIA OBLIGATÒRIA;0308;BAIX LLOBREGAT;11;BAIX LLOBREGAT;08001;ABRERA;0800100;;PÚBLIC;DEPARTAMENT D'EDUCACIÓ I FORMACIÓ PROFESSIONAL;;1
2024/2025;EDUCACIÓ SECUNDÀRIA OBLIGATÒRIA;0308;BAIX LLOBREGAT;11;BAIX LLOBREGAT;08020;BEGUES;0802000;;PRIVAT;ORDES I CONGREGACIONS CATÒLICS;SI;1
2024/2025;EDUCACIÓ SECUNDÀRIA OBLIGATÒRIA;0308;BAIX LLOBREGAT;11;BAIX LLOBREGAT;08020;BEGUES;0802000;;PÚBLIC;DEPARTAMENT D'EDUCACIÓ I FORMACIÓ PROFESSIONAL;;1
2024/2025;EDUCACIÓ SECUNDÀRIA OBLIGATÒRIA;0308;BAIX LLOBREGAT;11;BAIX LLOBREGAT;08056;CASTELLDEFELS;0805600;;PRIVAT;COOPERATIVES;SI;1
2024/2025;EDUCACIÓ SECUNDÀRIA OBLIGATÒRIA;0308;BAIX LLOBREGAT;11;BAIX LLOBREGAT;08056;CASTELLDEFELS;0805600;;PRIVAT;SOCIETATS MERCANTILS;SI;3
2024/2025;EDUCACIÓ SECUNDÀRIA OBLIGATÒRIA;0308;BAIX LLOBREGAT;11;BAIX LLOBREGAT;08056;CASTELLDEFELS;0805600;;PÚBLIC;DEPARTAMENT D'EDUCACIÓ I FORMACIÓ PROFESSIONAL;;4
2024/2025;EDUCACIÓ SECUNDÀRIA OBLIGATÒRIA;0308;BAIX LLOBREGAT;11;BAIX LLOBREGAT;08068;CERVELLÓ;0806800;;PÚBLIC;DEPARTAMENT D'EDUCACIÓ I FORMACIÓ PROFESSIONAL;;1
2024/2025;EDUCACIÓ SECUNDÀRIA OBLIGATÒRIA;0308;BAIX LLOBREGAT;11;BAIX LLOBREGAT;08069;COLLBATÓ;0806900;;PÚBLIC;DEPARTAMENT D'EDUCACIÓ I FORMACIÓ PROFESSIONAL;;1
2024/2025;EDUCACIÓ SECUNDÀRIA OBLIGATÒRIA;0308;BAIX LLOBREGAT;11;BAIX LLOBREGAT;08072;CORBERA DE LLOBREGAT;0807200;;PÚBLIC;DEPARTAMENT D'EDUCACIÓ I FORMACIÓ PROFESSIONAL;;2
2024/2025;EDUCACIÓ SECUNDÀRIA OBLIGATÒRIA;0308;BAIX LLOBREGAT;11;BAIX LLOBREGAT;08073;CORNELLÀ DE LLOBREGAT;0807300;;PRIVAT;FUNDACIONS;SI;1
2024/2025;EDUCACIÓ SECUNDÀRIA OBLIGATÒRIA;0308;BAIX LLOBREGAT;11;BAIX LLOBREGAT;08073;CORNELLÀ DE LLOBREGAT;0807300;;PRIVAT;ORDES I CONGREGACIONS CATÒLICS;SI;1
2024/2025;EDUCACIÓ SECUNDÀRIA OBLIGATÒRIA;0308;BAIX LLOBREGAT;11;BAIX LLOBREGAT;08073;CORNELLÀ DE LLOBREGAT;0807300;;PRIVAT;SOCIETATS MERCANTILS;SI;2
2024/2025;EDUCACIÓ SECUNDÀRIA OBLIGATÒRIA;0308;BAIX LLOBREGAT;11;BAIX LLOBREGAT;08073;CORNELLÀ DE LLOBREGAT;0807300;;PÚBLIC;DEPARTAMENT D'EDUCACIÓ I FORMACIÓ PROFESSIONAL;;6
2024/2025;EDUCACIÓ SECUNDÀRIA OBLIGATÒRIA;0308;BAIX LLOBREGAT;11;BAIX LLOBREGAT;08076;ESPARREGUERA;0807600;;PRIVAT;COOPERATIVES;SI;1
2024/2025;EDUCACIÓ SECUNDÀRIA OBLIGATÒRIA;0308;BAIX LLOBREGAT;11;BAIX LLOBREGAT;08076;ESPARREGUERA;0807600;;PÚBLIC;DEPARTAMENT D'EDUCACIÓ I FORMACIÓ PROFESSIONAL;;2
2024/2025;EDUCACIÓ SECUNDÀRIA OBLIGATÒRIA;0308;BAIX LLOBREGAT;11;BAIX LLOBREGAT;08077;ESPLUGUES DE LLOBREGAT;0807700;;PRIVAT;FUNDACIONS;NO;1
2024/2025;EDUCACIÓ SECUNDÀRIA OBLIGATÒRIA;0308;BAIX LLOBREGAT;11;BAIX LLOBREGAT;08077;ESPLUGUES DE LLOBREGAT;0807700;;PRIVAT;FUNDACIONS;SI;2
2024/2025;EDUCACIÓ SECUNDÀRIA OBLIGATÒRIA;0308;BAIX LLOBREGAT;11;BAIX LLOBREGAT;08077;ESPLUGUES DE LLOBREGAT;0807700;;PRIVAT;ORDES I CONGREGACIONS CATÒLICS;SI;1
2024/2025;EDUCACIÓ SECUNDÀRIA OBLIGATÒRIA;0308;BAIX LLOBREGAT;11;BAIX LLOBREGAT;08077;ESPLUGUES DE LLOBREGAT;0807700;;PRIVAT;SOCIETATS MERCANTILS;SI;1
2024/2025;EDUCACIÓ SECUNDÀRIA OBLIGATÒRIA;0308;BAIX LLOBREGAT;11;BAIX LLOBREGAT;08077;ESPLUGUES DE LLOBREGAT;0807700;;PÚBLIC;DEPARTAMENT D'EDUCACIÓ I FORMACIÓ PROFESSIONAL;;4
2024/2025;EDUCACIÓ SECUNDÀRIA OBLIGATÒRIA;0308;BAIX LLOBREGAT;11;BAIX LLOBREGAT;08089;GAVÀ;0808900;;PRIVAT;ORDES I CONGREGACIONS CATÒLICS;SI;2
2024/2025;EDUCACIÓ SECUNDÀRIA OBLIGATÒRIA;0308;BAIX LLOBREGAT;11;BAIX LLOBREGAT;08089;GAVÀ;0808900;;PRIVAT;SOCIETATS MERCANTILS;NO;1
2024/2025;EDUCACIÓ SECUNDÀRIA OBLIGATÒRIA;0308;BAIX LLOBREGAT;11;BAIX LLOBREGAT;08089;GAVÀ;0808900;;PRIVAT;SOCIETATS MERCANTILS;SI;3
2024/2025;EDUCACIÓ SECUNDÀRIA OBLIGATÒRIA;0308;BAIX LLOBREGAT;11;BAIX LLOBREGAT;08089;GAVÀ;0808900;;PÚBLIC;DEPARTAMENT D'EDUCACIÓ I FORMACIÓ PROFESSIONAL;;3
2024/2025;EDUCACIÓ SECUNDÀRIA OBLIGATÒRIA;0308;BAIX LLOBREGAT;11;BAIX LLOBREGAT;08114;MARTORELL;0811400;;PRIVAT;FUNDACIONS;SI;1
2024/2025;EDUCACIÓ SECUNDÀRIA OBLIGATÒRIA;0308;BAIX LLOBREGAT;11;BAIX LLOBREGAT;08114;MARTORELL;0811400;;PÚBLIC;DEPARTAMENT D'EDUCACIÓ I FORMACIÓ PROFESSIONAL;;3
2024/2025;EDUCACIÓ SECUNDÀRIA OBLIGATÒRIA;0308;BAIX LLOBREGAT;11;BAIX LLOBREGAT;08123;MOLINS DE REI;0812300;;PRIVAT;FUNDACIONS;SI;1
2024/2025;EDUCACIÓ SECUNDÀRIA OBLIGATÒRIA;0308;BAIX LLOBREGAT;11;BAIX LLOBREGAT;08123;MOLINS DE REI;0812300;;PRIVAT;ORDES I CONGREGACIONS CATÒLICS;SI;1
2024/2025;EDUCACIÓ SECUNDÀRIA OBLIGATÒRIA;0308;BAIX LLOBREGAT;11;BAIX LLOBREGAT;08123;MOLINS DE REI;0812300;;PÚBLIC;DEPARTAMENT D'EDUCACIÓ I FORMACIÓ PROFESSIONAL;;2
2024/2025;EDUCACIÓ SECUNDÀRIA OBLIGATÒRIA;0308;BAIX LLOBREGAT;11;BAIX LLOBREGAT;08147;OLESA DE MONTSERRAT;0814700;;PRIVAT;COOPERATIVES;SI;1
2024/2025;EDUCACIÓ SECUNDÀRIA OBLIGATÒRIA;0308;BAIX LLOBREGAT;11;BAIX LLOBREGAT;08147;OLESA DE MONTSERRAT;0814700;;PRIVAT;FUNDACIONS;SI;1
2024/2025;EDUCACIÓ SECUNDÀRIA OBLIGATÒRIA;0308;BAIX LLOBREGAT;11;BAIX LLOBREGAT;08147;OLESA DE MONTSERRAT;0814700;;PRIVAT;SOCIETATS MERCANTILS;SI;1
2024/2025;EDUCACIÓ SECUNDÀRIA OBLIGATÒRIA;0308;BAIX LLOBREGAT;11;BAIX LLOBREGAT;08147;OLESA DE MONTSERRAT;0814700;;PÚBLIC;DEPARTAMENT D'EDUCACIÓ I FORMACIÓ PROFESSIONAL;;2
2024/2025;EDUCACIÓ SECUNDÀRIA OBLIGATÒRIA;0308;BAIX LLOBREGAT;11;BAIX LLOBREGAT;08157;PALLEJÀ;0815700;;PRIVAT;SOCIETATS MERCANTILS;NO;1
2024/2025;EDUCACIÓ SECUNDÀRIA OBLIGATÒRIA;0308;BAIX LLOBREGAT;11;BAIX LLOBREGAT;08157;PALLEJÀ;0815700;;PRIVAT;SOCIETATS MERCANTILS;SI;1
2024/2025;EDUCACIÓ SECUNDÀRIA OBLIGATÒRIA;0308;BAIX LLOBREGAT;11;BAIX LLOBREGAT;08157;PALLEJÀ;0815700;;PÚBLIC;DEPARTAMENT D'EDUCACIÓ I FORMACIÓ PROFESSIONAL;;1
2024/2025;EDUCACIÓ SECUNDÀRIA OBLIGATÒRIA;0308;BAIX LLOBREGAT;11;BAIX LLOBREGAT;08169;EL PRAT DE LLOBREGAT;0816900;;PRIVAT;ORDES I CONGREGACIONS CATÒLICS;SI;1
2024/2025;EDUCACIÓ SECUNDÀRIA OBLIGATÒRIA;0308;BAIX LLOBREGAT;11;BAIX LLOBREGAT;08169;EL PRAT DE LLOBREGAT;0816900;;PRIVAT;SOCIETATS MERCANTILS;SI;2
2024/2025;EDUCACIÓ SECUNDÀRIA OBLIGATÒRIA;0308;BAIX LLOBREGAT;11;BAIX LLOBREGAT;08169;EL PRAT DE LLOBREGAT;0816900;;PÚBLIC;DEPARTAMENT D'EDUCACIÓ I FORMACIÓ PROFESSIONAL;;7
2024/2025;EDUCACIÓ SECUNDÀRIA OBLIGATÒRIA;0308;BAIX LLOBREGAT;11;BAIX LLOBREGAT;08196;SANT ANDREU DE LA BARCA;0819600;;PÚBLIC;DEPARTAMENT D'EDUCACIÓ I FORMACIÓ PROFESSIONAL;;3
2024/2025;EDUCACIÓ SECUNDÀRIA OBLIGATÒRIA;0308;BAIX LLOBREGAT;11;BAIX LLOBREGAT;08200;SANT BOI DE LLOBREGAT;0820000;;PRIVAT;FUNDACIONS;SI;2
2024/2025;EDUCACIÓ SECUNDÀRIA OBLIGATÒRIA;0308;BAIX LLOBREGAT;11;BAIX LLOBREGAT;08200;SANT BOI DE LLOBREGAT;0820000;;PRIVAT;ORDES I CONGREGACIONS CATÒLICS;SI;1
2024/2025;EDUCACIÓ SECUNDÀRIA OBLIGATÒRIA;0308;BAIX LLOBREGAT;11;BAIX LLOBREGAT;08200;SANT BOI DE LLOBREGAT;0820000;;PRIVAT;SOCIETATS MERCANTILS;SI;2
2024/2025;EDUCACIÓ SECUNDÀRIA OBLIGATÒRIA;0308;BAIX LLOBREGAT;11;BAIX LLOBREGAT;08200;SANT BOI DE LLOBREGAT;0820000;;PÚBLIC;DEPARTAMENT D'EDUCACIÓ I FORMACIÓ PROFESSIONAL;;5
2024/2025;EDUCACIÓ SECUNDÀRIA OBLIGATÒRIA;0308;BAIX LLOBREGAT;11;BAIX LLOBREGAT;08208;SANT ESTEVE SESROVIRES;0820800;;PRIVAT;SOCIETATS MERCANTILS;NO;1
2024/2025;EDUCACIÓ SECUNDÀRIA OBLIGATÒRIA;0308;BAIX LLOBREGAT;11;BAIX LLOBREGAT;08208;SANT ESTEVE SESROVIRES;0820800;;PÚBLIC;DEPARTAMENT D'EDUCACIÓ I FORMACIÓ PROFESSIONAL;;1
2024/2025;EDUCACIÓ SECUNDÀRIA OBLIGATÒRIA;0308;BAIX LLOBREGAT;11;BAIX LLOBREGAT;08211;SANT FELIU DE LLOBREGAT;0821100;;PRIVAT;COOPERATIVES;SI;1
2024/2025;EDUCACIÓ SECUNDÀRIA OBLIGATÒRIA;0308;BAIX LLOBREGAT;11;BAIX LLOBREGAT;08211;SANT FELIU DE LLOBREGAT;0821100;;PRIVAT;FUNDACIONS;SI;3
2024/2025;EDUCACIÓ SECUNDÀRIA OBLIGATÒRIA;0308;BAIX LLOBREGAT;11;BAIX LLOBREGAT;08211;SANT FELIU DE LLOBREGAT;0821100;;PÚBLIC;DEPARTAMENT D'EDUCACIÓ I FORMACIÓ PROFESSIONAL;;2
2024/2025;EDUCACIÓ SECUNDÀRIA OBLIGATÒRIA;0308;BAIX LLOBREGAT;11;BAIX LLOBREGAT;08217;SANT JOAN DESPÍ;0821700;;PRIVAT;ALTRES TITULARITATS;SI;1
2024/2025;EDUCACIÓ SECUNDÀRIA OBLIGATÒRIA;0308;BAIX LLOBREGAT;11;BAIX LLOBREGAT;08217;SANT JOAN DESPÍ;0821700;;PRIVAT;SOCIETATS MERCANTILS;SI;1
2024/2025;EDUCACIÓ SECUNDÀRIA OBLIGATÒRIA;0308;BAIX LLOBREGAT;11;BAIX LLOBREGAT;08217;SANT JOAN DESPÍ;0821700;;PÚBLIC;DEPARTAMENT D'EDUCACIÓ I FORMACIÓ PROFESSIONAL;;2
2024/2025;EDUCACIÓ SECUNDÀRIA OBLIGATÒRIA;0308;BAIX LLOBREGAT;11;BAIX LLOBREGAT;08221;SANT JUST DESVERN;0822100;;PRIVAT;ORDES I CONGREGACIONS CATÒLICS;SI;1
2024/2025;EDUCACIÓ SECUNDÀRIA OBLIGATÒRIA;0308;BAIX LLOBREGAT;11;BAIX LLOBREGAT;08221;SANT JUST DESVERN;0822100;;PRIVAT;SOCIETATS MERCANTILS;NO;1
2024/2025;EDUCACIÓ SECUNDÀRIA OBLIGATÒRIA;0308;BAIX LLOBREGAT;11;BAIX LLOBREGAT;08221;SANT JUST DESVERN;0822100;;PÚBLIC;DEPARTAMENT D'EDUCACIÓ I FORMACIÓ PROFESSIONAL;;1
2024/2025;EDUCACIÓ SECUNDÀRIA OBLIGATÒRIA;0308;BAIX LLOBREGAT;11;BAIX LLOBREGAT;08244;SANTA COLOMA DE CERVELLÓ;0824400;;PÚBLIC;DEPARTAMENT D'EDUCACIÓ I FORMACIÓ PROFESSIONAL;;1
2024/2025;EDUCACIÓ SECUNDÀRIA OBLIGATÒRIA;0308;BAIX LLOBREGAT;11;BAIX LLOBREGAT;08263;SANT VICENÇ DELS HORTS;0826300;;PRIVAT;ORDES I CONGREGACIONS CATÒLICS;SI;1
2024/2025;EDUCACIÓ SECUNDÀRIA OBLIGATÒRIA;0308;BAIX LLOBREGAT;11;BAIX LLOBREGAT;08263;SANT VICENÇ DELS HORTS;0826300;;PÚBLIC;DEPARTAMENT D'EDUCACIÓ I FORMACIÓ PROFESSIONAL;;2
2024/2025;EDUCACIÓ SECUNDÀRIA OBLIGATÒRIA;0308;BAIX LLOBREGAT;11;BAIX LLOBREGAT;08289;TORRELLES DE LLOBREGAT;0828900;;PÚBLIC;DEPARTAMENT D'EDUCACIÓ I FORMACIÓ PROFESSIONAL;;1
2024/2025;EDUCACIÓ SECUNDÀRIA OBLIGATÒRIA;0308;BAIX LLOBREGAT;11;BAIX LLOBREGAT;08295;VALLIRANA;0829500;;PRIVAT;FUNDACIONS;SI;1
2024/2025;EDUCACIÓ SECUNDÀRIA OBLIGATÒRIA;0308;BAIX LLOBREGAT;11;BAIX LLOBREGAT;08295;VALLIRANA;0829500;;PÚBLIC;DEPARTAMENT D'EDUCACIÓ I FORMACIÓ PROFESSIONAL;;1
2024/2025;EDUCACIÓ SECUNDÀRIA OBLIGATÒRIA;0308;BAIX LLOBREGAT;11;BAIX LLOBREGAT;08301;VILADECANS;0830100;;PRIVAT;FUNDACIONS;SI;1
2024/2025;EDUCACIÓ SECUNDÀRIA OBLIGATÒRIA;0308;BAIX LLOBREGAT;11;BAIX LLOBREGAT;08301;VILADECANS;0830100;;PRIVAT;ORDES I CONGREGACIONS CATÒLICS;SI;1
2024/2025;EDUCACIÓ SECUNDÀRIA OBLIGATÒRIA;0308;BAIX LLOBREGAT;11;BAIX LLOBREGAT;08301;VILADECANS;0830100;;PRIVAT;SOCIETATS MERCANTILS;SI;2
2024/2025;EDUCACIÓ SECUNDÀRIA OBLIGATÒRIA;0308;BAIX LLOBREGAT;11;BAIX LLOBREGAT;08301;VILADECANS;0830100;;PÚBLIC;DEPARTAMENT D'EDUCACIÓ I FORMACIÓ PROFESSIONAL;;6
2024/2025;EDUCACIÓ SECUNDÀRIA OBLIGATÒRIA;0408;VALLÈS OCCIDENTAL;40;VALLÈS OCCIDENTAL;08051;CASTELLAR DEL VALLÈS;0805100;;PRIVAT;ORDES I CONGREGACIONS CATÒLICS;SI;1
2024/2025;EDUCACIÓ SECUNDÀRIA OBLIGATÒRIA;0408;VALLÈS OCCIDENTAL;40;VALLÈS OCCIDENTAL;08051;CASTELLAR DEL VALLÈS;0805100;;PRIVAT;SOCIETATS MERCANTILS;SI;1
2024/2025;EDUCACIÓ SECUNDÀRIA OBLIGATÒRIA;0408;VALLÈS OCCIDENTAL;40;VALLÈS OCCIDENTAL;08051;CASTELLAR DEL VALLÈS;0805100;;PÚBLIC;DEPARTAMENT D'EDUCACIÓ I FORMACIÓ PROFESSIONAL;;3
2024/2025;EDUCACIÓ SECUNDÀRIA OBLIGATÒRIA;0408;VALLÈS OCCIDENTAL;40;VALLÈS OCCIDENTAL;08054;CASTELLBISBAL;0805400;;PÚBLIC;DEPARTAMENT D'EDUCACIÓ I FORMACIÓ PROFESSIONAL;;2
2024/2025;EDUCACIÓ SECUNDÀRIA OBLIGATÒRIA;0408;VALLÈS OCCIDENTAL;40;VALLÈS OCCIDENTAL;08120;MATADEPERA;0812000;;PRIVAT;SOCIETATS MERCANTILS;SI;1
2024/2025;EDUCACIÓ SECUNDÀRIA OBLIGATÒRIA;0408;VALLÈS OCCIDENTAL;40;VALLÈS OCCIDENTAL;08120;MATADEPERA;0812000;;PÚBLIC;DEPARTAMENT D'EDUCACIÓ I FORMACIÓ PROFESSIONAL;;1
2024/2025;EDUCACIÓ SECUNDÀRIA OBLIGATÒRIA;0408;VALLÈS OCCIDENTAL;40;VALLÈS OCCIDENTAL;08125;MONTCADA I REIXAC;0812500;;PRIVAT;COOPERATIVES;SI;1
2024/2025;EDUCACIÓ SECUNDÀRIA OBLIGATÒRIA;0408;VALLÈS OCCIDENTAL;40;VALLÈS OCCIDENTAL;08125;MONTCADA I REIXAC;0812500;;PRIVAT;ORDES I CONGREGACIONS CATÒLICS;SI;1
2024/2025;EDUCACIÓ SECUNDÀRIA OBLIGATÒRIA;0408;VALLÈS OCCIDENTAL;40;VALLÈS OCCIDENTAL;08125;MONTCADA I REIXAC;0812500;;PÚBLIC;DEPARTAMENT D'EDUCACIÓ I FORMACIÓ PROFESSIONAL;;5
2024/2025;EDUCACIÓ SECUNDÀRIA OBLIGATÒRIA;0408;VALLÈS OCCIDENTAL;40;VALLÈS OCCIDENTAL;08156;PALAU-SOLITÀ I PLEGAMANS;0815600;;PRIVAT;COOPERATIVES;SI;1
2024/2025;EDUCACIÓ SECUNDÀRIA OBLIGATÒRIA;0408;VALLÈS OCCIDENTAL;40;VALLÈS OCCIDENTAL;08156;PALAU-SOLITÀ I PLEGAMANS;0815600;;PÚBLIC;DEPARTAMENT D'EDUCACIÓ I FORMACIÓ PROFESSIONAL;;2
2024/2025;EDUCACIÓ SECUNDÀRIA OBLIGATÒRIA;0408;VALLÈS OCCIDENTAL;40;VALLÈS OCCIDENTAL;08167;POLINYÀ;0816700;;PÚBLIC;DEPARTAMENT D'EDUCACIÓ I FORMACIÓ PROFESSIONAL;;1
2024/2025;EDUCACIÓ SECUNDÀRIA OBLIGATÒRIA;0408;VALLÈS OCCIDENTAL;40;VALLÈS OCCIDENTAL;08180;RIPOLLET;0818000;;PRIVAT;FUNDACIONS;SI;1
2024/2025;EDUCACIÓ SECUNDÀRIA OBLIGATÒRIA;0408;VALLÈS OCCIDENTAL;40;VALLÈS OCCIDENTAL;08180;RIPOLLET;0818000;;PRIVAT;ORDES I CONGREGACIONS CATÒLICS;SI;1
2024/2025;EDUCACIÓ SECUNDÀRIA OBLIGATÒRIA;0408;VALLÈS OCCIDENTAL;40;VALLÈS OCCIDENTAL;08180;RIPOLLET;0818000;;PÚBLIC;DEPARTAMENT D'EDUCACIÓ I FORMACIÓ PROFESSIONAL;;5
2024/2025;EDUCACIÓ SECUNDÀRIA OBLIGATÒRIA;0408;VALLÈS OCCIDENTAL;40;VALLÈS OCCIDENTAL;08184;RUBÍ;0818400;;PRIVAT;FUNDACIONS;SI;3
2024/2025;EDUCACIÓ SECUNDÀRIA OBLIGATÒRIA;0408;VALLÈS OCCIDENTAL;40;VALLÈS OCCIDENTAL;08184;RUBÍ;0818400;;PRIVAT;ORDES I CONGREGACIONS CATÒLICS;SI;1
2024/2025;EDUCACIÓ SECUNDÀRIA OBLIGATÒRIA;0408;VALLÈS OCCIDENTAL;40;VALLÈS OCCIDENTAL;08184;RUBÍ;0818400;;PRIVAT;SOCIETATS MERCANTILS;SI;1
2024/2025;EDUCACIÓ SECUNDÀRIA OBLIGATÒRIA;0408;VALLÈS OCCIDENTAL;40;VALLÈS OCCIDENTAL;08184;RUBÍ;0818400;;PÚBLIC;DEPARTAMENT D'EDUCACIÓ I FORMACIÓ PROFESSIONAL;;6
2024/2025;EDUCACIÓ SECUNDÀRIA OBLIGATÒRIA;0408;VALLÈS OCCIDENTAL;40;VALLÈS OCCIDENTAL;08187;SABADELL;0818700;;PÚBLIC;DEPARTAMENT D'EDUCACIÓ I FORMACIÓ PROFESSIONAL;;5
2024/2025;EDUCACIÓ SECUNDÀRIA OBLIGATÒRIA;0408;VALLÈS OCCIDENTAL;40;VALLÈS OCCIDENTAL;08187;SABADELL;0818701;SABADELL 1;PRIVAT;ALTRES TITULARITATS;SI;1
2024/2025;EDUCACIÓ SECUNDÀRIA OBLIGATÒRIA;0408;VALLÈS OCCIDENTAL;40;VALLÈS OCCIDENTAL;08187;SABADELL;0818701;SABADELL 1;PRIVAT;ASSOCIACIONS;SI;1
2024/2025;EDUCACIÓ SECUNDÀRIA OBLIGATÒRIA;0408;VALLÈS OCCIDENTAL;40;VALLÈS OCCIDENTAL;08187;SABADELL;0818701;SABADELL 1;PRIVAT;FUNDACIONS;SI;5
2024/2025;EDUCACIÓ SECUNDÀRIA OBLIGATÒRIA;0408;VALLÈS OCCIDENTAL;40;VALLÈS OCCIDENTAL;08187;SABADELL;0818701;SABADELL 1;PRIVAT;ORDES I CONGREGACIONS CATÒLICS;SI;3
2024/2025;EDUCACIÓ SECUNDÀRIA OBLIGATÒRIA;0408;VALLÈS OCCIDENTAL;40;VALLÈS OCCIDENTAL;08187;SABADELL;0818701;SABADELL 1;PRIVAT;SOCIETATS MERCANTILS;SI;4
2024/2025;EDUCACIÓ SECUNDÀRIA OBLIGATÒRIA;0408;VALLÈS OCCIDENTAL;40;VALLÈS OCCIDENTAL;08187;SABADELL;0818701;SABADELL 1;PÚBLIC;DEPARTAMENT D'EDUCACIÓ I FORMACIÓ PROFESSIONAL;;2
2024/2025;EDUCACIÓ SECUNDÀRIA OBLIGATÒRIA;0408;VALLÈS OCCIDENTAL;40;VALLÈS OCCIDENTAL;08187;SABADELL;0818702;SABADELL 2;PRIVAT;PERSONES FÍSIQUES;SI;1
2024/2025;EDUCACIÓ SECUNDÀRIA OBLIGATÒRIA;0408;VALLÈS OCCIDENTAL;40;VALLÈS OCCIDENTAL;08187;SABADELL;0818702;SABADELL 2;PRIVAT;SOCIETATS MERCANTILS;SI;2
2024/2025;EDUCACIÓ SECUNDÀRIA OBLIGATÒRIA;0408;VALLÈS OCCIDENTAL;40;VALLÈS OCCIDENTAL;08187;SABADELL;0818703;SABADELL 3;PÚBLIC;DEPARTAMENT D'EDUCACIÓ I FORMACIÓ PROFESSIONAL;;4
2024/2025;EDUCACIÓ SECUNDÀRIA OBLIGATÒRIA;0408;VALLÈS OCCIDENTAL;40;VALLÈS OCCIDENTAL;08187;SABADELL;0818704;SABADELL 4;PÚBLIC;DEPARTAMENT D'EDUCACIÓ I FORMACIÓ PROFESSIONAL;;2
2024/2025;EDUCACIÓ SECUNDÀRIA OBLIGATÒRIA;0408;VALLÈS OCCIDENTAL;40;VALLÈS OCCIDENTAL;08187;SABADELL;0818705;SABADELL 5;PÚBLIC;DEPARTAMENT D'EDUCACIÓ I FORMACIÓ PROFESSIONAL;;2
2024/2025;EDUCACIÓ SECUNDÀRIA OBLIGATÒRIA;0408;VALLÈS OCCIDENTAL;40;VALLÈS OCCIDENTAL;08187;SABADELL;0818706;SABADELL 6;PRIVAT;FUNDACIONS;SI;2
2024/2025;EDUCACIÓ SECUNDÀRIA OBLIGATÒRIA;0408;VALLÈS OCCIDENTAL;40;VALLÈS OCCIDENTAL;08187;SABADELL;0818706;SABADELL 6;PRIVAT;ORDES I CONGREGACIONS CATÒLICS;SI;1
2024/2025;EDUCACIÓ SECUNDÀRIA OBLIGATÒRIA;0408;VALLÈS OCCIDENTAL;40;VALLÈS OCCIDENTAL;08187;SABADELL;0818706;SABADELL 6;PRIVAT;SOCIETATS MERCANTILS;SI;3
2024/2025;EDUCACIÓ SECUNDÀRIA OBLIGATÒRIA;0408;VALLÈS OCCIDENTAL;40;VALLÈS OCCIDENTAL;08187;SABADELL;0818706;SABADELL 6;PÚBLIC;DEPARTAMENT D'EDUCACIÓ I FORMACIÓ PROFESSIONAL;;2
2024/2025;EDUCACIÓ SECUNDÀRIA OBLIGATÒRIA;0408;VALLÈS OCCIDENTAL;40;VALLÈS OCCIDENTAL;08205;SANT CUGAT DEL VALLÈS;0820500;;PRIVAT;ASSOCIACIONS;NO;1
2024/2025;EDUCACIÓ SECUNDÀRIA OBLIGATÒRIA;0408;VALLÈS OCCIDENTAL;40;VALLÈS OCCIDENTAL;08205;SANT CUGAT DEL VALLÈS;0820500;;PRIVAT;FUNDACIONS;NO;1
2024/2025;EDUCACIÓ SECUNDÀRIA OBLIGATÒRIA;0408;VALLÈS OCCIDENTAL;40;VALLÈS OCCIDENTAL;08205;SANT CUGAT DEL VALLÈS;0820500;;PRIVAT;FUNDACIONS;SI;2
2024/2025;EDUCACIÓ SECUNDÀRIA OBLIGATÒRIA;0408;VALLÈS OCCIDENTAL;40;VALLÈS OCCIDENTAL;08205;SANT CUGAT DEL VALLÈS;0820500;;PRIVAT;ORDES I CONGREGACIONS CATÒLICS;SI;2
2024/2025;EDUCACIÓ SECUNDÀRIA OBLIGATÒRIA;0408;VALLÈS OCCIDENTAL;40;VALLÈS OCCIDENTAL;08205;SANT CUGAT DEL VALLÈS;0820500;;PRIVAT;SOCIETATS MERCANTILS;NO;4
2024/2025;EDUCACIÓ SECUNDÀRIA OBLIGATÒRIA;0408;VALLÈS OCCIDENTAL;40;VALLÈS OCCIDENTAL;08205;SANT CUGAT DEL VALLÈS;0820500;;PRIVAT;SOCIETATS MERCANTILS;SI;2
2024/2025;EDUCACIÓ SECUNDÀRIA OBLIGATÒRIA;0408;VALLÈS OCCIDENTAL;40;VALLÈS OCCIDENTAL;08205;SANT CUGAT DEL VALLÈS;0820500;;PÚBLIC;DEPARTAMENT D'EDUCACIÓ I FORMACIÓ PROFESSIONAL;;6
2024/2025;EDUCACIÓ SECUNDÀRIA OBLIGATÒRIA;0408;VALLÈS OCCIDENTAL;40;VALLÈS OCCIDENTAL;08238;SANT QUIRZE DEL VALLÈS;0823800;;PÚBLIC;DEPARTAMENT D'EDUCACIÓ I FORMACIÓ PROFESSIONAL;;3
2024/2025;EDUCACIÓ SECUNDÀRIA OBLIGATÒRIA;0408;VALLÈS OCCIDENTAL;40;VALLÈS OCCIDENTAL;08252;BARBERÀ DEL VALLÈS;0825200;;PÚBLIC;DEPARTAMENT D'EDUCACIÓ I FORMACIÓ PROFESSIONAL;;4
2024/2025;EDUCACIÓ SECUNDÀRIA OBLIGATÒRIA;0408;VALLÈS OCCIDENTAL;40;VALLÈS OCCIDENTAL;08260;SANTA PERPÈTUA DE MOGODA;0826000;;PRIVAT;ORDES I CONGREGACIONS CATÒLICS;SI;2
2024/2025;EDUCACIÓ SECUNDÀRIA OBLIGATÒRIA;0408;VALLÈS OCCIDENTAL;40;VALLÈS OCCIDENTAL;08260;SANTA PERPÈTUA DE MOGODA;0826000;;PÚBLIC;DEPARTAMENT D'EDUCACIÓ I FORMACIÓ PROFESSIONAL;;3
2024/2025;EDUCACIÓ SECUNDÀRIA OBLIGATÒRIA;0408;VALLÈS OCCIDENTAL;40;VALLÈS OCCIDENTAL;08266;CERDANYOLA DEL VALLÈS;0826600;;PRIVAT;COOPERATIVES;NO;1
2024/2025;EDUCACIÓ SECUNDÀRIA OBLIGATÒRIA;0408;VALLÈS OCCIDENTAL;40;VALLÈS OCCIDENTAL;08266;CERDANYOLA DEL VALLÈS;0826600;;PRIVAT;FUNDACIONS;SI;2
2024/2025;EDUCACIÓ SECUNDÀRIA OBLIGATÒRIA;0408;VALLÈS OCCIDENTAL;40;VALLÈS OCCIDENTAL;08266;CERDANYOLA DEL VALLÈS;0826600;;PRIVAT;SOCIETATS MERCANTILS;SI;2
2024/2025;EDUCACIÓ SECUNDÀRIA OBLIGATÒRIA;0408;VALLÈS OCCIDENTAL;40;VALLÈS OCCIDENTAL;08266;CERDANYOLA DEL VALLÈS;0826600;;PÚBLIC;DEPARTAMENT D'EDUCACIÓ I FORMACIÓ PROFESSIONAL;;5
2024/2025;EDUCACIÓ SECUNDÀRIA OBLIGATÒRIA;0408;VALLÈS OCCIDENTAL;40;VALLÈS OCCIDENTAL;08267;SENTMENAT;0826700;;PÚBLIC;DEPARTAMENT D'EDUCACIÓ I FORMACIÓ PROFESSIONAL;;1
2024/2025;EDUCACIÓ SECUNDÀRIA OBLIGATÒRIA;0408;VALLÈS OCCIDENTAL;40;VALLÈS OCCIDENTAL;08279;TERRASSA;0827900;;PÚBLIC;DEPARTAMENT D'EDUCACIÓ I FORMACIÓ PROFESSIONAL;;7
2024/2025;EDUCACIÓ SECUNDÀRIA OBLIGATÒRIA;0408;VALLÈS OCCIDENTAL;40;VALLÈS OCCIDENTAL;08279;TERRASSA;0827901;TERRASSA 1;PRIVAT;COOPERATIVES;SI;1
2024/2025;EDUCACIÓ SECUNDÀRIA OBLIGATÒRIA;0408;VALLÈS OCCIDENTAL;40;VALLÈS OCCIDENTAL;08279;TERRASSA;0827901;TERRASSA 1;PRIVAT;FUNDACIONS;SI;1
2024/2025;EDUCACIÓ SECUNDÀRIA OBLIGATÒRIA;0408;VALLÈS OCCIDENTAL;40;VALLÈS OCCIDENTAL;08279;TERRASSA;0827901;TERRASSA 1;PRIVAT;ORDES I CONGREGACIONS CATÒLICS;SI;1
2024/2025;EDUCACIÓ SECUNDÀRIA OBLIGATÒRIA;0408;VALLÈS OCCIDENTAL;40;VALLÈS OCCIDENTAL;08279;TERRASSA;0827901;TERRASSA 1;PRIVAT;SOCIETATS MERCANTILS;SI;2
2024/2025;EDUCACIÓ SECUNDÀRIA OBLIGATÒRIA;0408;VALLÈS OCCIDENTAL;40;VALLÈS OCCIDENTAL;08279;TERRASSA;0827901;TERRASSA 1;PÚBLIC;DEPARTAMENT D'EDUCACIÓ I FORMACIÓ PROFESSIONAL;;1
2024/2025;EDUCACIÓ SECUNDÀRIA OBLIGATÒRIA;0408;VALLÈS OCCIDENTAL;40;VALLÈS OCCIDENTAL;08279;TERRASSA;0827902;TERRASSA 2;PRIVAT;FUNDACIONS;SI;1
2024/2025;EDUCACIÓ SECUNDÀRIA OBLIGATÒRIA;0408;VALLÈS OCCIDENTAL;40;VALLÈS OCCIDENTAL;08279;TERRASSA;0827902;TERRASSA 2;PRIVAT;SOCIETATS MERCANTILS;SI;1
2024/2025;EDUCACIÓ SECUNDÀRIA OBLIGATÒRIA;0408;VALLÈS OCCIDENTAL;40;VALLÈS OCCIDENTAL;08279;TERRASSA;0827903;TERRASSA 3;PRIVAT;ORDES I CONGREGACIONS CATÒLICS;SI;1
2024/2025;EDUCACIÓ SECUNDÀRIA OBLIGATÒRIA;0408;VALLÈS OCCIDENTAL;40;VALLÈS OCCIDENTAL;08279;TERRASSA;0827903;TERRASSA 3;PRIVAT;SOCIETATS MERCANTILS;SI;2
2024/2025;EDUCACIÓ SECUNDÀRIA OBLIGATÒRIA;0408;VALLÈS OCCIDENTAL;40;VALLÈS OCCIDENTAL;08279;TERRASSA;0827903;TERRASSA 3;PÚBLIC;DEPARTAMENT D'EDUCACIÓ I FORMACIÓ PROFESSIONAL;;3
2024/2025;EDUCACIÓ SECUNDÀRIA OBLIGATÒRIA;0408;VALLÈS OCCIDENTAL;40;VALLÈS OCCIDENTAL;08279;TERRASSA;0827904;TERRASSA 4;PRIVAT;COOPERATIVES;SI;1
2024/2025;EDUCACIÓ SECUNDÀRIA OBLIGATÒRIA;0408;VALLÈS OCCIDENTAL;40;VALLÈS OCCIDENTAL;08279;TERRASSA;0827904;TERRASSA 4;PRIVAT;ORDES I CONGREGACIONS CATÒLICS;SI;1
2024/2025;EDUCACIÓ SECUNDÀRIA OBLIGATÒRIA;0408;VALLÈS OCCIDENTAL;40;VALLÈS OCCIDENTAL;08279;TERRASSA;0827904;TERRASSA 4;PÚBLIC;DEPARTAMENT D'EDUCACIÓ I FORMACIÓ PROFESSIONAL;;1
2024/2025;EDUCACIÓ SECUNDÀRIA OBLIGATÒRIA;0408;VALLÈS OCCIDENTAL;40;VALLÈS OCCIDENTAL;08279;TERRASSA;0827905;TERRASSA 5;PRIVAT;ORDES I CONGREGACIONS CATÒLICS;SI;1
2024/2025;EDUCACIÓ SECUNDÀRIA OBLIGATÒRIA;0408;VALLÈS OCCIDENTAL;40;VALLÈS OCCIDENTAL;08279;TERRASSA;0827905;TERRASSA 5;PRIVAT;SOCIETATS MERCANTILS;SI;1
2024/2025;EDUCACIÓ SECUNDÀRIA OBLIGATÒRIA;0408;VALLÈS OCCIDENTAL;40;VALLÈS OCCIDENTAL;08279;TERRASSA;0827905;TERRASSA 5;PÚBLIC;DEPARTAMENT D'EDUCACIÓ I FORMACIÓ PROFESSIONAL;;2
2024/2025;EDUCACIÓ SECUNDÀRIA OBLIGATÒRIA;0408;VALLÈS OCCIDENTAL;40;VALLÈS OCCIDENTAL;08279;TERRASSA;0827906;TERRASSA 6;PRIVAT;FUNDACIONS;SI;1
2024/2025;EDUCACIÓ SECUNDÀRIA OBLIGATÒRIA;0408;VALLÈS OCCIDENTAL;40;VALLÈS OCCIDENTAL;08279;TERRASSA;0827906;TERRASSA 6;PRIVAT;SOCIETATS MERCANTILS;SI;1
2024/2025;EDUCACIÓ SECUNDÀRIA OBLIGATÒRIA;0408;VALLÈS OCCIDENTAL;40;VALLÈS OCCIDENTAL;08279;TERRASSA;0827906;TERRASSA 6;PÚBLIC;DEPARTAMENT D'EDUCACIÓ I FORMACIÓ PROFESSIONAL;;2
2024/2025;EDUCACIÓ SECUNDÀRIA OBLIGATÒRIA;0408;VALLÈS OCCIDENTAL;40;VALLÈS OCCIDENTAL;08291;VACARISSES;0829100;;PÚBLIC;DEPARTAMENT D'EDUCACIÓ I FORMACIÓ PROFESSIONAL;;1
2024/2025;EDUCACIÓ SECUNDÀRIA OBLIGATÒRIA;0408;VALLÈS OCCIDENTAL;40;VALLÈS OCCIDENTAL;08300;VILADECAVALLS;0830000;;PÚBLIC;DEPARTAMENT D'EDUCACIÓ I FORMACIÓ PROFESSIONAL;;1
2024/2025;EDUCACIÓ SECUNDÀRIA OBLIGATÒRIA;0408;VALLÈS OCCIDENTAL;40;VALLÈS OCCIDENTAL;08904;BADIA DEL VALLÈS;0890400;;PÚBLIC;DEPARTAMENT D'EDUCACIÓ I FORMACIÓ PROFESSIONAL;;2
2024/2025;EDUCACIÓ SECUNDÀRIA OBLIGATÒRIA;0508;MARESME - VALLÈS ORIENTAL;21;MARESME;08003;ALELLA;0800300;;PRIVAT;SOCIETATS MERCANTILS;NO;1
2024/2025;EDUCACIÓ SECUNDÀRIA OBLIGATÒRIA;0508;MARESME - VALLÈS ORIENTAL;21;MARESME;08003;ALELLA;0800300;;PÚBLIC;DEPARTAMENT D'EDUCACIÓ I FORMACIÓ PROFESSIONAL;;1
2024/2025;EDUCACIÓ SECUNDÀRIA OBLIGATÒRIA;0508;MARESME - VALLÈS ORIENTAL;21;MARESME;08006;ARENYS DE MAR;0800600;;PRIVAT;ORDES I CONGREGACIONS CATÒLICS;SI;1
2024/2025;EDUCACIÓ SECUNDÀRIA OBLIGATÒRIA;0508;MARESME - VALLÈS ORIENTAL;21;MARESME;08006;ARENYS DE MAR;0800600;;PÚBLIC;DEPARTAMENT D'EDUCACIÓ I FORMACIÓ PROFESSIONAL;;1
2024/2025;EDUCACIÓ SECUNDÀRIA OBLIGATÒRIA;0508;MARESME - VALLÈS ORIENTAL;21;MARESME;08007;ARENYS DE MUNT;0800700;;PÚBLIC;DEPARTAMENT D'EDUCACIÓ I FORMACIÓ PROFESSIONAL;;1
2024/2025;EDUCACIÓ SECUNDÀRIA OBLIGATÒRIA;0508;MARESME - VALLÈS ORIENTAL;21;MARESME;08009;ARGENTONA;0800900;;PÚBLIC;DEPARTAMENT D'EDUCACIÓ I FORMACIÓ PROFESSIONAL;;1
2024/2025;EDUCACIÓ SECUNDÀRIA OBLIGATÒRIA;0508;MARESME - VALLÈS ORIENTAL;21;MARESME;08029;CABRERA DE MAR;0802900;;PRIVAT;ESGLÉSIA CATÒLICA;SI;1
2024/2025;EDUCACIÓ SECUNDÀRIA OBLIGATÒRIA;0508;MARESME - VALLÈS ORIENTAL;21;MARESME;08029;CABRERA DE MAR;0802900;;PÚBLIC;DEPARTAMENT D'EDUCACIÓ I FORMACIÓ PROFESSIONAL;;1
2024/2025;EDUCACIÓ SECUNDÀRIA OBLIGATÒRIA;0508;MARESME - VALLÈS ORIENTAL;21;MARESME;08030;CABRILS;0803000;;PÚBLIC;DEPARTAMENT D'EDUCACIÓ I FORMACIÓ PROFESSIONAL;;1
2024/2025;EDUCACIÓ SECUNDÀRIA OBLIGATÒRIA;0508;MARESME - VALLÈS ORIENTAL;21;MARESME;08035;CALELLA;0803500;;PRIVAT;ORDES I CONGREGACIONS CATÒLICS;SI;1
2024/2025;EDUCACIÓ SECUNDÀRIA OBLIGATÒRIA;0508;MARESME - VALLÈS ORIENTAL;21;MARESME;08035;CALELLA;0803500;;PRIVAT;SOCIETATS MERCANTILS;SI;1
2024/2025;EDUCACIÓ SECUNDÀRIA OBLIGATÒRIA;0508;MARESME - VALLÈS ORIENTAL;21;MARESME;08035;CALELLA;0803500;;PÚBLIC;DEPARTAMENT D'EDUCACIÓ I FORMACIÓ PROFESSIONAL;;1
2024/2025;EDUCACIÓ SECUNDÀRIA OBLIGATÒRIA;0508;MARESME - VALLÈS ORIENTAL;21;MARESME;08040;CANET DE MAR;0804000;;PRIVAT;FUNDACIONS;SI;1
2024/2025;EDUCACIÓ SECUNDÀRIA OBLIGATÒRIA;0508;MARESME - VALLÈS ORIENTAL;21;MARESME;08040;CANET DE MAR;0804000;;PÚBLIC;DEPARTAMENT D'EDUCACIÓ I FORMACIÓ PROFESSIONAL;;2
2024/2025;EDUCACIÓ SECUNDÀRIA OBLIGATÒRIA;0508;MARESME - VALLÈS ORIENTAL;21;MARESME;08075;DOSRIUS;0807500;;PÚBLIC;DEPARTAMENT D'EDUCACIÓ I FORMACIÓ PROFESSIONAL;;1
2024/2025;EDUCACIÓ SECUNDÀRIA OBLIGATÒRIA;0508;MARESME - VALLÈS ORIENTAL;21;MARESME;08110;MALGRAT DE MAR;0811000;;PRIVAT;FUNDACIONS;SI;3
2024/2025;EDUCACIÓ SECUNDÀRIA OBLIGATÒRIA;0508;MARESME - VALLÈS ORIENTAL;21;MARESME;08110;MALGRAT DE MAR;0811000;;PÚBLIC;DEPARTAMENT D'EDUCACIÓ I FORMACIÓ PROFESSIONAL;;1
2024/2025;EDUCACIÓ SECUNDÀRIA OBLIGATÒRIA;0508;MARESME - VALLÈS ORIENTAL;21;MARESME;08118;EL MASNOU;0811800;;PRIVAT;FUNDACIONS;SI;2
2024/2025;EDUCACIÓ SECUNDÀRIA OBLIGATÒRIA;0508;MARESME - VALLÈS ORIENTAL;21;MARESME;08118;EL MASNOU;0811800;;PÚBLIC;DEPARTAMENT D'EDUCACIÓ I FORMACIÓ PROFESSIONAL;;3
2024/2025;EDUCACIÓ SECUNDÀRIA OBLIGATÒRIA;0508;MARESME - VALLÈS ORIENTAL;21;MARESME;08121;MATARÓ;0812100;;PRIVAT;FUNDACIONS;SI;6
2024/2025;EDUCACIÓ SECUNDÀRIA OBLIGATÒRIA;0508;MARESME - VALLÈS ORIENTAL;21;MARESME;08121;MATARÓ;0812100;;PRIVAT;ORDES I CONGREGACIONS CATÒLICS;SI;5
2024/2025;EDUCACIÓ SECUNDÀRIA OBLIGATÒRIA;0508;MARESME - VALLÈS ORIENTAL;21;MARESME;08121;MATARÓ;0812100;;PRIVAT;SOCIETATS MERCANTILS;SI;2
2024/2025;EDUCACIÓ SECUNDÀRIA OBLIGATÒRIA;0508;MARESME - VALLÈS ORIENTAL;21;MARESME;08121;MATARÓ;0812100;;PÚBLIC;DEPARTAMENT D'EDUCACIÓ I FORMACIÓ PROFESSIONAL;;9
2024/2025;EDUCACIÓ SECUNDÀRIA OBLIGATÒRIA;0508;MARESME - VALLÈS ORIENTAL;21;MARESME;08126;MONTGAT;0812600;;PRIVAT;SOCIETATS MERCANTILS;NO;1
2024/2025;EDUCACIÓ SECUNDÀRIA OBLIGATÒRIA;0508;MARESME - VALLÈS ORIENTAL;21;MARESME;08126;MONTGAT;0812600;;PRIVAT;SOCIETATS MERCANTILS;SI;1
2024/2025;EDUCACIÓ SECUNDÀRIA OBLIGATÒRIA;0508;MARESME - VALLÈS ORIENTAL;21;MARESME;08126;MONTGAT;0812600;;PÚBLIC;DEPARTAMENT D'EDUCACIÓ I FORMACIÓ PROFESSIONAL;;1
2024/2025;EDUCACIÓ SECUNDÀRIA OBLIGATÒRIA;0508;MARESME - VALLÈS ORIENTAL;21;MARESME;08155;PALAFOLLS;0815500;;PÚBLIC;DEPARTAMENT D'EDUCACIÓ I FORMACIÓ PROFESSIONAL;;1
2024/2025;EDUCACIÓ SECUNDÀRIA OBLIGATÒRIA;0508;MARESME - VALLÈS ORIENTAL;21;MARESME;08163;PINEDA DE MAR;0816300;;PÚBLIC;DEPARTAMENT D'EDUCACIÓ I FORMACIÓ PROFESSIONAL;;3
2024/2025;EDUCACIÓ SECUNDÀRIA OBLIGATÒRIA;0508;MARESME - VALLÈS ORIENTAL;21;MARESME;08172;PREMIÀ DE MAR;0817200;;PRIVAT;ORDES I CONGREGACIONS CATÒLICS;SI;2
2024/2025;EDUCACIÓ SECUNDÀRIA OBLIGATÒRIA;0508;MARESME - VALLÈS ORIENTAL;21;MARESME;08172;PREMIÀ DE MAR;0817200;;PRIVAT;SOCIETATS MERCANTILS;NO;1
2024/2025;EDUCACIÓ SECUNDÀRIA OBLIGATÒRIA;0508;MARESME - VALLÈS ORIENTAL;21;MARESME;08172;PREMIÀ DE MAR;0817200;;PRIVAT;SOCIETATS MERCANTILS;SI;1
2024/2025;EDUCACIÓ SECUNDÀRIA OBLIGATÒRIA;0508;MARESME - VALLÈS ORIENTAL;21;MARESME;08172;PREMIÀ DE MAR;0817200;;PÚBLIC;DEPARTAMENT D'EDUCACIÓ I FORMACIÓ PROFESSIONAL;;1
2024/2025;EDUCACIÓ SECUNDÀRIA OBLIGATÒRIA;0508;MARESME - VALLÈS ORIENTAL;21;MARESME;08197;SANT ANDREU DE LLAVANERES;0819700;;PÚBLIC;DEPARTAMENT D'EDUCACIÓ I FORMACIÓ PROFESSIONAL;;1
2024/2025;EDUCACIÓ SECUNDÀRIA OBLIGATÒRIA;0508;MARESME - VALLÈS ORIENTAL;21;MARESME;08203;SANT CEBRIÀ DE VALLALTA;0820300;;PÚBLIC;DEPARTAMENT D'EDUCACIÓ I FORMACIÓ PROFESSIONAL;;1
2024/2025;EDUCACIÓ SECUNDÀRIA OBLIGATÒRIA;0508;MARESME - VALLÈS ORIENTAL;21;MARESME;08214;VILASSAR DE DALT;0821400;;PRIVAT;COOPERATIVES;SI;1
2024/2025;EDUCACIÓ SECUNDÀRIA OBLIGATÒRIA;0508;MARESME - VALLÈS ORIENTAL;21;MARESME;08214;VILASSAR DE DALT;0821400;;PÚBLIC;DEPARTAMENT D'EDUCACIÓ I FORMACIÓ PROFESSIONAL;;1
2024/2025;EDUCACIÓ SECUNDÀRIA OBLIGATÒRIA;0508;MARESME - VALLÈS ORIENTAL;21;MARESME;08219;VILASSAR DE MAR;0821900;;PÚBLIC;DEPARTAMENT D'EDUCACIÓ I FORMACIÓ PROFESSIONAL;;2
2024/2025;EDUCACIÓ SECUNDÀRIA OBLIGATÒRIA;0508;MARESME - VALLÈS ORIENTAL;21;MARESME;08230;PREMIÀ DE DALT;0823000;;PRIVAT;SOCIETATS MERCANTILS;SI;1
2024/2025;EDUCACIÓ SECUNDÀRIA OBLIGATÒRIA;0508;MARESME - VALLÈS ORIENTAL;21;MARESME;08230;PREMIÀ DE DALT;0823000;;PÚBLIC;DEPARTAMENT D'EDUCACIÓ I FORMACIÓ PROFESSIONAL;;2
2024/2025;EDUCACIÓ SECUNDÀRIA OBLIGATÒRIA;0508;MARESME - VALLÈS ORIENTAL;21;MARESME;08235;SANT POL DE MAR;0823500;;PÚBLIC;DEPARTAMENT D'EDUCACIÓ I FORMACIÓ PROFESSIONAL;;1
2024/2025;EDUCACIÓ SECUNDÀRIA OBLIGATÒRIA;0508;MARESME - VALLÈS ORIENTAL;21;MARESME;08261;SANTA SUSANNA;0826100;;PÚBLIC;DEPARTAMENT D'EDUCACIÓ I FORMACIÓ PROFESSIONAL;;1
2024/2025;EDUCACIÓ SECUNDÀRIA OBLIGATÒRIA;0508;MARESME - VALLÈS ORIENTAL;21;MARESME;08264;SANT VICENÇ DE MONTALT;0826400;;PÚBLIC;DEPARTAMENT D'EDUCACIÓ I FORMACIÓ PROFESSIONAL;;1
2024/2025;EDUCACIÓ SECUNDÀRIA OBLIGATÒRIA;0508;MARESME - VALLÈS ORIENTAL;21;MARESME;08281;TEIÀ;0828100;;PÚBLIC;DEPARTAMENT D'EDUCACIÓ I FORMACIÓ PROFESSIONAL;;1
2024/2025;EDUCACIÓ SECUNDÀRIA OBLIGATÒRIA;0508;MARESME - VALLÈS ORIENTAL;21;MARESME;08282;TIANA;0828200;;PÚBLIC;DEPARTAMENT D'EDUCACIÓ I FORMACIÓ PROFESSIONAL;;1
2024/2025;EDUCACIÓ SECUNDÀRIA OBLIGATÒRIA;0508;MARESME - VALLÈS ORIENTAL;21;MARESME;08284;TORDERA;0828400;;PRIVAT;COOPERATIVES;SI;1
2024/2025;EDUCACIÓ SECUNDÀRIA OBLIGATÒRIA;0508;MARESME - VALLÈS ORIENTAL;21;MARESME;08284;TORDERA;0828400;;PRIVAT;FUNDACIONS;SI;1
2024/2025;EDUCACIÓ SECUNDÀRIA OBLIGATÒRIA;0508;MARESME - VALLÈS ORIENTAL;21;MARESME;08284;TORDERA;0828400;;PÚBLIC;DEPARTAMENT D'EDUCACIÓ I FORMACIÓ PROFESSIONAL;;2
2024/2025;EDUCACIÓ SECUNDÀRIA OBLIGATÒRIA;0508;MARESME - VALLÈS ORIENTAL;41;VALLÈS ORIENTAL;08005;L'AMETLLA DEL VALLÈS;0800500;;PÚBLIC;DEPARTAMENT D'EDUCACIÓ I FORMACIÓ PROFESSIONAL;;1
2024/2025;EDUCACIÓ SECUNDÀRIA OBLIGATÒRIA;0508;MARESME - VALLÈS ORIENTAL;41;VALLÈS ORIENTAL;08023;BIGUES I RIELLS DEL FAI;0802300;;PÚBLIC;DEPARTAMENT D'EDUCACIÓ I FORMACIÓ PROFESSIONAL;;1
2024/2025;EDUCACIÓ SECUNDÀRIA OBLIGATÒRIA;0508;MARESME - VALLÈS ORIENTAL;41;VALLÈS ORIENTAL;08033;CALDES DE MONTBUI;0803300;;PRIVAT;ORDES I CONGREGACIONS CATÒLICS;SI;1
2024/2025;EDUCACIÓ SECUNDÀRIA OBLIGATÒRIA;0508;MARESME - VALLÈS ORIENTAL;41;VALLÈS ORIENTAL;08033;CALDES DE MONTBUI;0803300;;PÚBLIC;DEPARTAMENT D'EDUCACIÓ I FORMACIÓ PROFESSIONAL;;2
2024/2025;EDUCACIÓ SECUNDÀRIA OBLIGATÒRIA;0508;MARESME - VALLÈS ORIENTAL;41;VALLÈS ORIENTAL;08041;CANOVELLES;0804100;;PÚBLIC;DEPARTAMENT D'EDUCACIÓ I FORMACIÓ PROFESSIONAL;;2
2024/2025;EDUCACIÓ SECUNDÀRIA OBLIGATÒRIA;0508;MARESME - VALLÈS ORIENTAL;41;VALLÈS ORIENTAL;08046;CARDEDEU;0804600;;PÚBLIC;DEPARTAMENT D'EDUCACIÓ I FORMACIÓ PROFESSIONAL;;3
2024/2025;EDUCACIÓ SECUNDÀRIA OBLIGATÒRIA;0508;MARESME - VALLÈS ORIENTAL;41;VALLÈS ORIENTAL;08086;LES FRANQUESES DEL VALLÈS;0808600;;PÚBLIC;DEPARTAMENT D'EDUCACIÓ I FORMACIÓ PROFESSIONAL;;2
2024/2025;EDUCACIÓ SECUNDÀRIA OBLIGATÒRIA;0508;MARESME - VALLÈS ORIENTAL;41;VALLÈS ORIENTAL;08088;LA GARRIGA;0808800;;PRIVAT;FUNDACIONS;SI;1
2024/2025;EDUCACIÓ SECUNDÀRIA OBLIGATÒRIA;0508;MARESME - VALLÈS ORIENTAL;41;VALLÈS ORIENTAL;08088;LA GARRIGA;0808800;;PRIVAT;SOCIETATS MERCANTILS;NO;1
2024/2025;EDUCACIÓ SECUNDÀRIA OBLIGATÒRIA;0508;MARESME - VALLÈS ORIENTAL;41;VALLÈS ORIENTAL;08088;LA GARRIGA;0808800;;PÚBLIC;DEPARTAMENT D'EDUCACIÓ I FORMACIÓ PROFESSIONAL;;2
2024/2025;EDUCACIÓ SECUNDÀRIA OBLIGATÒRIA;0508;MARESME - VALLÈS ORIENTAL;41;VALLÈS ORIENTAL;08096;GRANOLLERS;0809600;;PRIVAT;FUNDACIONS;SI;1
2024/2025;EDUCACIÓ SECUNDÀRIA OBLIGATÒRIA;0508;MARESME - VALLÈS ORIENTAL;41;VALLÈS ORIENTAL;08096;GRANOLLERS;0809600;;PRIVAT;ORDES I CONGREGACIONS CATÒLICS;SI;1
2024/2025;EDUCACIÓ SECUNDÀRIA OBLIGATÒRIA;0508;MARESME - VALLÈS ORIENTAL;41;VALLÈS ORIENTAL;08096;GRANOLLERS;0809600;;PRIVAT;PERSONES FÍSIQUES;SI;1
2024/2025;EDUCACIÓ SECUNDÀRIA OBLIGATÒRIA;0508;MARESME - VALLÈS ORIENTAL;41;VALLÈS ORIENTAL;08096;GRANOLLERS;0809600;;PRIVAT;SOCIETATS MERCANTILS;SI;3
2024/2025;EDUCACIÓ SECUNDÀRIA OBLIGATÒRIA;0508;MARESME - VALLÈS ORIENTAL;41;VALLÈS ORIENTAL;08096;GRANOLLERS;0809600;;PÚBLIC;CORPORACIONS LOCALS;;1
2024/2025;EDUCACIÓ SECUNDÀRIA OBLIGATÒRIA;0508;MARESME - VALLÈS ORIENTAL;41;VALLÈS ORIENTAL;08096;GRANOLLERS;0809600;;PÚBLIC;DEPARTAMENT D'EDUCACIÓ I FORMACIÓ PROFESSIONAL;;4
2024/2025;EDUCACIÓ SECUNDÀRIA OBLIGATÒRIA;0508;MARESME - VALLÈS ORIENTAL;41;VALLÈS ORIENTAL;08105;LA LLAGOSTA;0810500;;PRIVAT;SOCIETATS MERCANTILS;SI;1
2024/2025;EDUCACIÓ SECUNDÀRIA OBLIGATÒRIA;0508;MARESME - VALLÈS ORIENTAL;41;VALLÈS ORIENTAL;08105;LA LLAGOSTA;0810500;;PÚBLIC;DEPARTAMENT D'EDUCACIÓ I FORMACIÓ PROFESSIONAL;;1
2024/2025;EDUCACIÓ SECUNDÀRIA OBLIGATÒRIA;0508;MARESME - VALLÈS ORIENTAL;41;VALLÈS ORIENTAL;08106;LLINARS DEL VALLÈS;0810600;;PRIVAT;COOPERATIVES;SI;1
2024/2025;EDUCACIÓ SECUNDÀRIA OBLIGATÒRIA;0508;MARESME - VALLÈS ORIENTAL;41;VALLÈS ORIENTAL;08106;LLINARS DEL VALLÈS;0810600;;PÚBLIC;DEPARTAMENT D'EDUCACIÓ I FORMACIÓ PROFESSIONAL;;1
2024/2025;EDUCACIÓ SECUNDÀRIA OBLIGATÒRIA;0508;MARESME - VALLÈS ORIENTAL;41;VALLÈS ORIENTAL;08107;LLIÇÀ D'AMUNT;0810700;;PÚBLIC;DEPARTAMENT D'EDUCACIÓ I FORMACIÓ PROFESSIONAL;;2
2024/2025;EDUCACIÓ SECUNDÀRIA OBLIGATÒRIA;0508;MARESME - VALLÈS ORIENTAL;41;VALLÈS ORIENTAL;08108;LLIÇÀ DE VALL;0810800;;PÚBLIC;DEPARTAMENT D'EDUCACIÓ I FORMACIÓ PROFESSIONAL;;1
2024/2025;EDUCACIÓ SECUNDÀRIA OBLIGATÒRIA;0508;MARESME - VALLÈS ORIENTAL;41;VALLÈS ORIENTAL;08124;MOLLET DEL VALLÈS;0812400;;PRIVAT;COOPERATIVES;SI;1
2024/2025;EDUCACIÓ SECUNDÀRIA OBLIGATÒRIA;0508;MARESME - VALLÈS ORIENTAL;41;VALLÈS ORIENTAL;08124;MOLLET DEL VALLÈS;0812400;;PRIVAT;ORDES I CONGREGACIONS CATÒLICS;SI;1
2024/2025;EDUCACIÓ SECUNDÀRIA OBLIGATÒRIA;0508;MARESME - VALLÈS ORIENTAL;41;VALLÈS ORIENTAL;08124;MOLLET DEL VALLÈS;0812400;;PRIVAT;SOCIETATS MERCANTILS;SI;2
2024/2025;EDUCACIÓ SECUNDÀRIA OBLIGATÒRIA;0508;MARESME - VALLÈS ORIENTAL;41;VALLÈS ORIENTAL;08124;MOLLET DEL VALLÈS;0812400;;PÚBLIC;DEPARTAMENT D'EDUCACIÓ I FORMACIÓ PROFESSIONAL;;4
2024/2025;EDUCACIÓ SECUNDÀRIA OBLIGATÒRIA;0508;MARESME - VALLÈS ORIENTAL;41;VALLÈS ORIENTAL;08135;MONTMELÓ;0813500;;PÚBLIC;DEPARTAMENT D'EDUCACIÓ I FORMACIÓ PROFESSIONAL;;1
2024/2025;EDUCACIÓ SECUNDÀRIA OBLIGATÒRIA;0508;MARESME - VALLÈS ORIENTAL;41;VALLÈS ORIENTAL;08136;MONTORNÈS DEL VALLÈS;0813600;;PÚBLIC;DEPARTAMENT D'EDUCACIÓ I FORMACIÓ PROFESSIONAL;;2
2024/2025;EDUCACIÓ SECUNDÀRIA OBLIGATÒRIA;0508;MARESME - VALLÈS ORIENTAL;41;VALLÈS ORIENTAL;08159;PARETS DEL VALLÈS;0815900;;PRIVAT;FUNDACIONS;SI;1
2024/2025;EDUCACIÓ SECUNDÀRIA OBLIGATÒRIA;0508;MARESME - VALLÈS ORIENTAL;41;VALLÈS ORIENTAL;08159;PARETS DEL VALLÈS;0815900;;PRIVAT;SOCIETATS MERCANTILS;SI;1
2024/2025;EDUCACIÓ SECUNDÀRIA OBLIGATÒRIA;0508;MARESME - VALLÈS ORIENTAL;41;VALLÈS ORIENTAL;08159;PARETS DEL VALLÈS;0815900;;PÚBLIC;DEPARTAMENT D'EDUCACIÓ I FORMACIÓ PROFESSIONAL;;2
2024/2025;EDUCACIÓ SECUNDÀRIA OBLIGATÒRIA;0508;MARESME - VALLÈS ORIENTAL;41;VALLÈS ORIENTAL;08181;LA ROCA DEL VALLÈS;0818100;;PÚBLIC;DEPARTAMENT D'EDUCACIÓ I FORMACIÓ PROFESSIONAL;;1
2024/2025;EDUCACIÓ SECUNDÀRIA OBLIGATÒRIA;0508;MARESME - VALLÈS ORIENTAL;41;VALLÈS ORIENTAL;08202;SANT CELONI;0820200;;PRIVAT;FUNDACIONS;SI;1
2024/2025;EDUCACIÓ SECUNDÀRIA OBLIGATÒRIA;0508;MARESME - VALLÈS ORIENTAL;41;VALLÈS ORIENTAL;08202;SANT CELONI;0820200;;PRIVAT;ORDES I CONGREGACIONS CATÒLICS;SI;1
2024/2025;EDUCACIÓ SECUNDÀRIA OBLIGATÒRIA;0508;MARESME - VALLÈS ORIENTAL;41;VALLÈS ORIENTAL;08202;SANT CELONI;0820200;;PRIVAT;SOCIETATS MERCANTILS;SI;1
2024/2025;EDUCACIÓ SECUNDÀRIA OBLIGATÒRIA;0508;MARESME - VALLÈS ORIENTAL;41;VALLÈS ORIENTAL;08202;SANT CELONI;0820200;;PÚBLIC;DEPARTAMENT D'EDUCACIÓ I FORMACIÓ PROFESSIONAL;;2
2024/2025;EDUCACIÓ SECUNDÀRIA OBLIGATÒRIA;0508;MARESME - VALLÈS ORIENTAL;41;VALLÈS ORIENTAL;08207;SANT ESTEVE DE PALAUTORDERA;0820700;;PÚBLIC;DEPARTAMENT D'EDUCACIÓ I FORMACIÓ PROFESSIONAL;;1
2024/2025;EDUCACIÓ SECUNDÀRIA OBLIGATÒRIA;0508;MARESME - VALLÈS ORIENTAL;41;VALLÈS ORIENTAL;08209;SANT FOST DE CAMPSENTELLES;0820900;;PÚBLIC;DEPARTAMENT D'EDUCACIÓ I FORMACIÓ PROFESSIONAL;;1
2024/2025;EDUCACIÓ SECUNDÀRIA OBLIGATÒRIA;0508;MARESME - VALLÈS ORIENTAL;41;VALLÈS ORIENTAL;08210;SANT FELIU DE CODINES;0821000;;PRIVAT;FUNDACIONS;SI;1
2024/2025;EDUCACIÓ SECUNDÀRIA OBLIGATÒRIA;0508;MARESME - VALLÈS ORIENTAL;41;VALLÈS ORIENTAL;08210;SANT FELIU DE CODINES;0821000;;PÚBLIC;DEPARTAMENT D'EDUCACIÓ I FORMACIÓ PROFESSIONAL;;1
2024/2025;EDUCACIÓ SECUNDÀRIA OBLIGATÒRIA;0508;MARESME - VALLÈS ORIENTAL;41;VALLÈS ORIENTAL;08234;SANT PERE DE VILAMAJOR;0823400;;PÚBLIC;DEPARTAMENT D'EDUCACIÓ I FORMACIÓ PROFESSIONAL;;1
2024/2025;EDUCACIÓ SECUNDÀRIA OBLIGATÒRIA;0508;MARESME - VALLÈS ORIENTAL;41;VALLÈS ORIENTAL;08248;SANTA EULÀLIA DE RONÇANA;0824800;;PÚBLIC;DEPARTAMENT D'EDUCACIÓ I FORMACIÓ PROFESSIONAL;;1
2024/2025;EDUCACIÓ SECUNDÀRIA OBLIGATÒRIA;0508;MARESME - VALLÈS ORIENTAL;41;VALLÈS ORIENTAL;08259;SANTA MARIA DE PALAUTORDERA;0825900;;PÚBLIC;DEPARTAMENT D'EDUCACIÓ I FORMACIÓ PROFESSIONAL;;2
2024/2025;EDUCACIÓ SECUNDÀRIA OBLIGATÒRIA;0508;MARESME - VALLÈS ORIENTAL;41;VALLÈS ORIENTAL;08296;VALLROMANES;0829600;;PÚBLIC;DEPARTAMENT D'EDUCACIÓ I FORMACIÓ PROFESSIONAL;;1
2024/2025;EDUCACIÓ SECUNDÀRIA OBLIGATÒRIA;0508;MARESME - VALLÈS ORIENTAL;41;VALLÈS ORIENTAL;08902;VILANOVA DEL VALLÈS;0890200;;PÚBLIC;DEPARTAMENT D'EDUCACIÓ I FORMACIÓ PROFESSIONAL;;1
2024/2025;EDUCACIÓ SECUNDÀRIA OBLIGATÒRIA;1060;CATALUNYA CENTRAL;06;ANOIA;08031;CALAF;0803100;;PÚBLIC;DEPARTAMENT D'EDUCACIÓ I FORMACIÓ PROFESSIONAL;;1
2024/2025;EDUCACIÓ SECUNDÀRIA OBLIGATÒRIA;1060;CATALUNYA CENTRAL;07;BAGES;08010;ARTÉS;0801000;;PRIVAT;FUNDACIONS;SI;1
2024/2025;EDUCACIÓ SECUNDÀRIA OBLIGATÒRIA;1060;CATALUNYA CENTRAL;07;BAGES;08010;ARTÉS;0801000;;PÚBLIC;DEPARTAMENT D'EDUCACIÓ I FORMACIÓ PROFESSIONAL;;1
2024/2025;EDUCACIÓ SECUNDÀRIA OBLIGATÒRIA;1060;CATALUNYA CENTRAL;07;BAGES;08012;AVINYÓ;0801200;;PÚBLIC;DEPARTAMENT D'EDUCACIÓ I FORMACIÓ PROFESSIONAL;;1
2024/2025;EDUCACIÓ SECUNDÀRIA OBLIGATÒRIA;1060;CATALUNYA CENTRAL;07;BAGES;08018;BALSARENY;0801800;;PÚBLIC;DEPARTAMENT D'EDUCACIÓ I FORMACIÓ PROFESSIONAL;;1
2024/2025;EDUCACIÓ SECUNDÀRIA OBLIGATÒRIA;1060;CATALUNYA CENTRAL;07;BAGES;08047;CARDONA;0804700;;PRIVAT;FUNDACIONS;SI;1
2024/2025;EDUCACIÓ SECUNDÀRIA OBLIGATÒRIA;1060;CATALUNYA CENTRAL;07;BAGES;08047;CARDONA;0804700;;PÚBLIC;DEPARTAMENT D'EDUCACIÓ I FORMACIÓ PROFESSIONAL;;1
2024/2025;EDUCACIÓ SECUNDÀRIA OBLIGATÒRIA;1060;CATALUNYA CENTRAL;07;BAGES;08053;CASTELLBELL I EL VILAR;0805300;;PÚBLIC;DEPARTAMENT D'EDUCACIÓ I FORMACIÓ PROFESSIONAL;;1
2024/2025;EDUCACIÓ SECUNDÀRIA OBLIGATÒRIA;1060;CATALUNYA CENTRAL;07;BAGES;08113;MANRESA;0811300;;PRIVAT;FUNDACIONS;SI;2
2024/2025;EDUCACIÓ SECUNDÀRIA OBLIGATÒRIA;1060;CATALUNYA CENTRAL;07;BAGES;08113;MANRESA;0811300;;PRIVAT;ORDES I CONGREGACIONS CATÒLICS;SI;2
2024/2025;EDUCACIÓ SECUNDÀRIA OBLIGATÒRIA;1060;CATALUNYA CENTRAL;07;BAGES;08113;MANRESA;0811300;;PRIVAT;PERSONES FÍSIQUES;NO;1
2024/2025;EDUCACIÓ SECUNDÀRIA OBLIGATÒRIA;1060;CATALUNYA CENTRAL;07;BAGES;08113;MANRESA;0811300;;PRIVAT;PERSONES FÍSIQUES;SI;1
2024/2025;EDUCACIÓ SECUNDÀRIA OBLIGATÒRIA;1060;CATALUNYA CENTRAL;07;BAGES;08113;MANRESA;0811300;;PÚBLIC;DEPARTAMENT D'EDUCACIÓ I FORMACIÓ PROFESSIONAL;;7
2024/2025;EDUCACIÓ SECUNDÀRIA OBLIGATÒRIA;1060;CATALUNYA CENTRAL;07;BAGES;08127;MONISTROL DE MONTSERRAT;0812700;;PRIVAT;ORDES I CONGREGACIONS CATÒLICS;NO;1
2024/2025;EDUCACIÓ SECUNDÀRIA OBLIGATÒRIA;1060;CATALUNYA CENTRAL;07;BAGES;08140;NAVARCLES;0814000;;PÚBLIC;DEPARTAMENT D'EDUCACIÓ I FORMACIÓ PROFESSIONAL;;1
2024/2025;EDUCACIÓ SECUNDÀRIA OBLIGATÒRIA;1060;CATALUNYA CENTRAL;07;BAGES;08141;NAVÀS;0814100;;PRIVAT;FUNDACIONS;SI;1
2024/2025;EDUCACIÓ SECUNDÀRIA OBLIGATÒRIA;1060;CATALUNYA CENTRAL;07;BAGES;08141;NAVÀS;0814100;;PÚBLIC;DEPARTAMENT D'EDUCACIÓ I FORMACIÓ PROFESSIONAL;;1
2024/2025;EDUCACIÓ SECUNDÀRIA OBLIGATÒRIA;1060;CATALUNYA CENTRAL;07;BAGES;08182;EL PONT DE VILOMARA I ROCAFORT;0818200;;PÚBLIC;DEPARTAMENT D'EDUCACIÓ I FORMACIÓ PROFESSIONAL;;1
2024/2025;EDUCACIÓ SECUNDÀRIA OBLIGATÒRIA;1060;CATALUNYA CENTRAL;07;BAGES;08191;SALLENT;0819100;;PÚBLIC;DEPARTAMENT D'EDUCACIÓ I FORMACIÓ PROFESSIONAL;;1
2024/2025;EDUCACIÓ SECUNDÀRIA OBLIGATÒRIA;1060;CATALUNYA CENTRAL;07;BAGES;08192;SANTPEDOR;0819200;;PRIVAT;FUNDACIONS;SI;1
2024/2025;EDUCACIÓ SECUNDÀRIA OBLIGATÒRIA;1060;CATALUNYA CENTRAL;07;BAGES;08192;SANTPEDOR;0819200;;PÚBLIC;DEPARTAMENT D'EDUCACIÓ I FORMACIÓ PROFESSIONAL;;1
2024/2025;EDUCACIÓ SECUNDÀRIA OBLIGATÒRIA;1060;CATALUNYA CENTRAL;07;BAGES;08213;SANT FRUITÓS DE BAGES;0821300;;PRIVAT;COOPERATIVES;SI;1
2024/2025;EDUCACIÓ SECUNDÀRIA OBLIGATÒRIA;1060;CATALUNYA CENTRAL;07;BAGES;08213;SANT FRUITÓS DE BAGES;0821300;;PÚBLIC;DEPARTAMENT D'EDUCACIÓ I FORMACIÓ PROFESSIONAL;;1
2024/2025;EDUCACIÓ SECUNDÀRIA OBLIGATÒRIA;1060;CATALUNYA CENTRAL;07;BAGES;08218;SANT JOAN DE VILATORRADA;0821800;;PÚBLIC;DEPARTAMENT D'EDUCACIÓ I FORMACIÓ PROFESSIONAL;;2
2024/2025;EDUCACIÓ SECUNDÀRIA OBLIGATÒRIA;1060;CATALUNYA CENTRAL;07;BAGES;08262;SANT VICENÇ DE CASTELLET;0826200;;PRIVAT;FUNDACIONS;SI;1
2024/2025;EDUCACIÓ SECUNDÀRIA OBLIGATÒRIA;1060;CATALUNYA CENTRAL;07;BAGES;08262;SANT VICENÇ DE CASTELLET;0826200;;PÚBLIC;DEPARTAMENT D'EDUCACIÓ I FORMACIÓ PROFESSIONAL;;1
2024/2025;EDUCACIÓ SECUNDÀRIA OBLIGATÒRIA;1060;CATALUNYA CENTRAL;07;BAGES;08274;SÚRIA;0827400;;PÚBLIC;DEPARTAMENT D'EDUCACIÓ I FORMACIÓ PROFESSIONAL;;1
2024/2025;EDUCACIÓ SECUNDÀRIA OBLIGATÒRIA;1060;CATALUNYA CENTRAL;14;BERGUEDÀ;08016;BAGÀ;0801600;;PÚBLIC;DEPARTAMENT D'EDUCACIÓ I FORMACIÓ PROFESSIONAL;;1
2024/2025;EDUCACIÓ SECUNDÀRIA OBLIGATÒRIA;1060;CATALUNYA CENTRAL;14;BERGUEDÀ;08022;BERGA;0802200;;PRIVAT;FUNDACIONS;SI;2
2024/2025;EDUCACIÓ SECUNDÀRIA OBLIGATÒRIA;1060;CATALUNYA CENTRAL;14;BERGUEDÀ;08022;BERGA;0802200;;PÚBLIC;DEPARTAMENT D'EDUCACIÓ I FORMACIÓ PROFESSIONAL;;2
2024/2025;EDUCACIÓ SECUNDÀRIA OBLIGATÒRIA;1060;CATALUNYA CENTRAL;14;BERGUEDÀ;08092;GIRONELLA;0809200;;PÚBLIC;DEPARTAMENT D'EDUCACIÓ I FORMACIÓ PROFESSIONAL;;1
2024/2025;EDUCACIÓ SECUNDÀRIA OBLIGATÒRIA;1060;CATALUNYA CENTRAL;14;BERGUEDÀ;08175;PUIG-REIG;0817500;;PÚBLIC;DEPARTAMENT D'EDUCACIÓ I FORMACIÓ PROFESSIONAL;;1
2024/2025;EDUCACIÓ SECUNDÀRIA OBLIGATÒRIA;1060;CATALUNYA CENTRAL;24;OSONA;08017;BALENYÀ;0801700;;PÚBLIC;DEPARTAMENT D'EDUCACIÓ I FORMACIÓ PROFESSIONAL;;1
2024/2025;EDUCACIÓ SECUNDÀRIA OBLIGATÒRIA;1060;CATALUNYA CENTRAL;24;OSONA;08037;CALLDETENES;0803700;;PÚBLIC;DEPARTAMENT D'EDUCACIÓ I FORMACIÓ PROFESSIONAL;;1
2024/2025;EDUCACIÓ SECUNDÀRIA OBLIGATÒRIA;1060;CATALUNYA CENTRAL;24;OSONA;08067;CENTELLES;0806700;;PRIVAT;FUNDACIONS;SI;1
2024/2025;EDUCACIÓ SECUNDÀRIA OBLIGATÒRIA;1060;CATALUNYA CENTRAL;24;OSONA;08067;CENTELLES;0806700;;PÚBLIC;DEPARTAMENT D'EDUCACIÓ I FORMACIÓ PROFESSIONAL;;1
2024/2025;EDUCACIÓ SECUNDÀRIA OBLIGATÒRIA;1060;CATALUNYA CENTRAL;24;OSONA;08083;FOLGUEROLES;0808300;;PÚBLIC;DEPARTAMENT D'EDUCACIÓ I FORMACIÓ PROFESSIONAL;;1
2024/2025;EDUCACIÓ SECUNDÀRIA OBLIGATÒRIA;1060;CATALUNYA CENTRAL;24;OSONA;08100;GURB;0810000;;PÚBLIC;DEPARTAMENT D'EDUCACIÓ I FORMACIÓ PROFESSIONAL;;1
2024/2025;EDUCACIÓ SECUNDÀRIA OBLIGATÒRIA;1060;CATALUNYA CENTRAL;24;OSONA;08112;MANLLEU;0811200;;PRIVAT;FUNDACIONS;SI;1
2024/2025;EDUCACIÓ SECUNDÀRIA OBLIGATÒRIA;1060;CATALUNYA CENTRAL;24;OSONA;08112;MANLLEU;0811200;;PRIVAT;ORDES I CONGREGACIONS CATÒLICS;SI;1
2024/2025;EDUCACIÓ SECUNDÀRIA OBLIGATÒRIA;1060;CATALUNYA CENTRAL;24;OSONA;08112;MANLLEU;0811200;;PÚBLIC;DEPARTAMENT D'EDUCACIÓ I FORMACIÓ PROFESSIONAL;;2
2024/2025;EDUCACIÓ SECUNDÀRIA OBLIGATÒRIA;1060;CATALUNYA CENTRAL;24;OSONA;08117;LES MASIES DE VOLTREGÀ;0811700;;PRIVAT;FUNDACIONS;SI;1
2024/2025;EDUCACIÓ SECUNDÀRIA OBLIGATÒRIA;1060;CATALUNYA CENTRAL;24;OSONA;08117;LES MASIES DE VOLTREGÀ;0811700;;PÚBLIC;DEPARTAMENT D'EDUCACIÓ I FORMACIÓ PROFESSIONAL;;1
2024/2025;EDUCACIÓ SECUNDÀRIA OBLIGATÒRIA;1060;CATALUNYA CENTRAL;24;OSONA;08183;RODA DE TER;0818300;;PÚBLIC;DEPARTAMENT D'EDUCACIÓ I FORMACIÓ PROFESSIONAL;;1
2024/2025;EDUCACIÓ SECUNDÀRIA OBLIGATÒRIA;1060;CATALUNYA CENTRAL;24;OSONA;08220;SANT JULIÀ DE VILATORTA;0822000;;PRIVAT;FUNDACIONS;SI;1
2024/2025;EDUCACIÓ SECUNDÀRIA OBLIGATÒRIA;1060;CATALUNYA CENTRAL;24;OSONA;08233;SANT PERE DE TORELLÓ;0823300;;PÚBLIC;DEPARTAMENT D'EDUCACIÓ I FORMACIÓ PROFESSIONAL;;1
2024/2025;EDUCACIÓ SECUNDÀRIA OBLIGATÒRIA;1060;CATALUNYA CENTRAL;24;OSONA;08237;SANT QUIRZE DE BESORA;0823700;;PÚBLIC;DEPARTAMENT D'EDUCACIÓ I FORMACIÓ PROFESSIONAL;;1
2024/2025;EDUCACIÓ SECUNDÀRIA OBLIGATÒRIA;1060;CATALUNYA CENTRAL;24;OSONA;08254;L'ESQUIROL;0825400;;PÚBLIC;DEPARTAMENT D'EDUCACIÓ I FORMACIÓ PROFESSIONAL;;1
2024/2025;EDUCACIÓ SECUNDÀRIA OBLIGATÒRIA;1060;CATALUNYA CENTRAL;24;OSONA;08278;TARADELL;0827800;;PÚBLIC;DEPARTAMENT D'EDUCACIÓ I FORMACIÓ PROFESSIONAL;;1
2024/2025;EDUCACIÓ SECUNDÀRIA OBLIGATÒRIA;1060;CATALUNYA CENTRAL;24;OSONA;08283;TONA;0828300;;PRIVAT;FUNDACIONS;SI;1
2024/2025;EDUCACIÓ SECUNDÀRIA OBLIGATÒRIA;1060;CATALUNYA CENTRAL;24;OSONA;08283;TONA;0828300;;PÚBLIC;DEPARTAMENT D'EDUCACIÓ I FORMACIÓ PROFESSIONAL;;1
2024/2025;EDUCACIÓ SECUNDÀRIA OBLIGATÒRIA;1060;CATALUNYA CENTRAL;24;OSONA;08285;TORELLÓ;0828500;;PRIVAT;ASSOCIACIONS;SI;1
2024/2025;EDUCACIÓ SECUNDÀRIA OBLIGATÒRIA;1060;CATALUNYA CENTRAL;24;OSONA;08285;TORELLÓ;0828500;;PRIVAT;FUNDACIONS;SI;1
2024/2025;EDUCACIÓ SECUNDÀRIA OBLIGATÒRIA;1060;CATALUNYA CENTRAL;24;OSONA;08285;TORELLÓ;0828500;;PÚBLIC;DEPARTAMENT D'EDUCACIÓ I FORMACIÓ PROFESSIONAL;;2
2024/2025;EDUCACIÓ SECUNDÀRIA OBLIGATÒRIA;1060;CATALUNYA CENTRAL;24;OSONA;08298;VIC;0829800;;PRIVAT;COOPERATIVES;NO;1
2024/2025;EDUCACIÓ SECUNDÀRIA OBLIGATÒRIA;1060;CATALUNYA CENTRAL;24;OSONA;08298;VIC;0829800;;PRIVAT;FUNDACIONS;SI;3
2024/2025;EDUCACIÓ SECUNDÀRIA OBLIGATÒRIA;1060;CATALUNYA CENTRAL;24;OSONA;08298;VIC;0829800;;PRIVAT;ORDES I CONGREGACIONS CATÒLICS;SI;1
2024/2025;EDUCACIÓ SECUNDÀRIA OBLIGATÒRIA;1060;CATALUNYA CENTRAL;24;OSONA;08298;VIC;0829800;;PÚBLIC;DEPARTAMENT D'EDUCACIÓ I FORMACIÓ PROFESSIONAL;;3
2024/2025;EDUCACIÓ SECUNDÀRIA OBLIGATÒRIA;1060;CATALUNYA CENTRAL;35;SOLSONÈS;25193;SANT LLORENÇ DE MORUNYS;2519300;;PÚBLIC;DEPARTAMENT D'EDUCACIÓ I FORMACIÓ PROFESSIONAL;;1
2024/2025;EDUCACIÓ SECUNDÀRIA OBLIGATÒRIA;1060;CATALUNYA CENTRAL;35;SOLSONÈS;25207;SOLSONA;2520700;;PRIVAT;FUNDACIONS;SI;1
2024/2025;EDUCACIÓ SECUNDÀRIA OBLIGATÒRIA;1060;CATALUNYA CENTRAL;35;SOLSONÈS;25207;SOLSONA;2520700;;PÚBLIC;DEPARTAMENT D'EDUCACIÓ I FORMACIÓ PROFESSIONAL;;1
2024/2025;EDUCACIÓ SECUNDÀRIA OBLIGATÒRIA;1060;CATALUNYA CENTRAL;42;MOIANÈS;08064;CASTELLTERÇOL;0806400;;PÚBLIC;DEPARTAMENT D'EDUCACIÓ I FORMACIÓ PROFESSIONAL;;1
2024/2025;EDUCACIÓ SECUNDÀRIA OBLIGATÒRIA;1060;CATALUNYA CENTRAL;42;MOIANÈS;08138;MOIÀ;0813800;;PÚBLIC;DEPARTAMENT D'EDUCACIÓ I FORMACIÓ PROFESSIONAL;;1
2024/2025;EDUCACIÓ SECUNDÀRIA OBLIGATÒRIA;1060;CATALUNYA CENTRAL;43;LLUÇANÈS;08171;PRATS DE LLUÇANÈS;0817100;;PÚBLIC;DEPARTAMENT D'EDUCACIÓ I FORMACIÓ PROFESSIONAL;;1
2024/2025;EDUCACIÓ SECUNDÀRIA OBLIGATÒRIA;1160;ALT PIRINEU I ARAN;04;ALT URGELL;25149;OLIANA;2514900;;PÚBLIC;DEPARTAMENT D'EDUCACIÓ I FORMACIÓ PROFESSIONAL;;1
2024/2025;EDUCACIÓ SECUNDÀRIA OBLIGATÒRIA;1160;ALT PIRINEU I ARAN;04;ALT URGELL;25203;LA SEU D'URGELL;2520300;;PRIVAT;ORDES I CONGREGACIONS CATÒLICS;SI;1
2024/2025;EDUCACIÓ SECUNDÀRIA OBLIGATÒRIA;1160;ALT PIRINEU I ARAN;04;ALT URGELL;25203;LA SEU D'URGELL;2520300;;PÚBLIC;DEPARTAMENT D'EDUCACIÓ I FORMACIÓ PROFESSIONAL;;2
2024/2025;EDUCACIÓ SECUNDÀRIA OBLIGATÒRIA;1160;ALT PIRINEU I ARAN;05;ALTA RIBAGORÇA;25173;EL PONT DE SUERT;2517300;;PÚBLIC;DEPARTAMENT D'EDUCACIÓ I FORMACIÓ PROFESSIONAL;;1
2024/2025;EDUCACIÓ SECUNDÀRIA OBLIGATÒRIA;1160;ALT PIRINEU I ARAN;15;CERDANYA;17141;PUIGCERDÀ;1714100;;PRIVAT;FUNDACIONS;SI;1
2024/2025;EDUCACIÓ SECUNDÀRIA OBLIGATÒRIA;1160;ALT PIRINEU I ARAN;15;CERDANYA;17141;PUIGCERDÀ;1714100;;PÚBLIC;DEPARTAMENT D'EDUCACIÓ I FORMACIÓ PROFESSIONAL;;1
2024/2025;EDUCACIÓ SECUNDÀRIA OBLIGATÒRIA;1160;ALT PIRINEU I ARAN;25;PALLARS JUSSÀ;25171;LA POBLA DE SEGUR;2517100;;PÚBLIC;DEPARTAMENT D'EDUCACIÓ I FORMACIÓ PROFESSIONAL;;1
2024/2025;EDUCACIÓ SECUNDÀRIA OBLIGATÒRIA;1160;ALT PIRINEU I ARAN;25;PALLARS JUSSÀ;25234;TREMP;2523400;;PRIVAT;ORDES I CONGREGACIONS CATÒLICS;SI;1
2024/2025;EDUCACIÓ SECUNDÀRIA OBLIGATÒRIA;1160;ALT PIRINEU I ARAN;25;PALLARS JUSSÀ;25234;TREMP;2523400;;PÚBLIC;DEPARTAMENT D'EDUCACIÓ I FORMACIÓ PROFESSIONAL;;1
2024/2025;EDUCACIÓ SECUNDÀRIA OBLIGATÒRIA;1160;ALT PIRINEU I ARAN;26;PALLARS SOBIRÀ;25086;ESTERRI D'ÀNEU;2508600;;PÚBLIC;DEPARTAMENT D'EDUCACIÓ I FORMACIÓ PROFESSIONAL;;1
2024/2025;EDUCACIÓ SECUNDÀRIA OBLIGATÒRIA;1160;ALT PIRINEU I ARAN;26;PALLARS SOBIRÀ;25209;SORT;2520900;;PÚBLIC;DEPARTAMENT D'EDUCACIÓ I FORMACIÓ PROFESSIONAL;;1
2024/2025;EDUCACIÓ SECUNDÀRIA OBLIGATÒRIA;1160;ALT PIRINEU I ARAN;39;ARAN;25243;VIELHA E MIJARAN;2524300;;PÚBLIC;DEPARTAMENT D'EDUCACIÓ I FORMACIÓ PROFESSIONAL;;1
2024/2025;EDUCACIÓ SECUNDÀRIA OBLIGATÒRIA;1260;PENEDÈS;03;ALT PENEDÈS;08091;GELIDA;0809100;;PÚBLIC;DEPARTAMENT D'EDUCACIÓ I FORMACIÓ PROFESSIONAL;;1
2024/2025;EDUCACIÓ SECUNDÀRIA OBLIGATÒRIA;1260;PENEDÈS;03;ALT PENEDÈS;08122;MEDIONA;0812200;;PRIVAT;FUNDACIONS;NO;1
2024/2025;EDUCACIÓ SECUNDÀRIA OBLIGATÒRIA;1260;PENEDÈS;03;ALT PENEDÈS;08227;SANT MARTÍ SARROCA;0822700;;PÚBLIC;DEPARTAMENT D'EDUCACIÓ I FORMACIÓ PROFESSIONAL;;1
2024/2025;EDUCACIÓ SECUNDÀRIA OBLIGATÒRIA;1260;PENEDÈS;03;ALT PENEDÈS;08236;SANT QUINTÍ DE MEDIONA;0823600;;PÚBLIC;DEPARTAMENT D'EDUCACIÓ I FORMACIÓ PROFESSIONAL;;1
2024/2025;EDUCACIÓ SECUNDÀRIA OBLIGATÒRIA;1260;PENEDÈS;03;ALT PENEDÈS;08240;SANT SADURNÍ D'ANOIA;0824000;;PRIVAT;FUNDACIONS;SI;2
2024/2025;EDUCACIÓ SECUNDÀRIA OBLIGATÒRIA;1260;PENEDÈS;03;ALT PENEDÈS;08240;SANT SADURNÍ D'ANOIA;0824000;;PÚBLIC;DEPARTAMENT D'EDUCACIÓ I FORMACIÓ PROFESSIONAL;;2
2024/2025;EDUCACIÓ SECUNDÀRIA OBLIGATÒRIA;1260;PENEDÈS;03;ALT PENEDÈS;08251;SANTA MARGARIDA I ELS MONJOS;0825100;;PÚBLIC;DEPARTAMENT D'EDUCACIÓ I FORMACIÓ PROFESSIONAL;;1
2024/2025;EDUCACIÓ SECUNDÀRIA OBLIGATÒRIA;1260;PENEDÈS;03;ALT PENEDÈS;08305;VILAFRANCA DEL PENEDÈS;0830500;;PRIVAT;FUNDACIONS;SI;3
2024/2025;EDUCACIÓ SECUNDÀRIA OBLIGATÒRIA;1260;PENEDÈS;03;ALT PENEDÈS;08305;VILAFRANCA DEL PENEDÈS;0830500;;PRIVAT;ORDES I CONGREGACIONS CATÒLICS;SI;1
2024/2025;EDUCACIÓ SECUNDÀRIA OBLIGATÒRIA;1260;PENEDÈS;03;ALT PENEDÈS;08305;VILAFRANCA DEL PENEDÈS;0830500;;PÚBLIC;DEPARTAMENT D'EDUCACIÓ I FORMACIÓ PROFESSIONAL;;5
2024/2025;EDUCACIÓ SECUNDÀRIA OBLIGATÒRIA;1260;PENEDÈS;06;ANOIA;08044;CAPELLADES;0804400;;PRIVAT;ORDES I CONGREGACIONS CATÒLICS;SI;1
2024/2025;EDUCACIÓ SECUNDÀRIA OBLIGATÒRIA;1260;PENEDÈS;06;ANOIA;08044;CAPELLADES;0804400;;PÚBLIC;DEPARTAMENT D'EDUCACIÓ I FORMACIÓ PROFESSIONAL;;1
2024/2025;EDUCACIÓ SECUNDÀRIA OBLIGATÒRIA;1260;PENEDÈS;06;ANOIA;08102;IGUALADA;0810200;;PRIVAT;FUNDACIONS;SI;1
2024/2025;EDUCACIÓ SECUNDÀRIA OBLIGATÒRIA;1260;PENEDÈS;06;ANOIA;08102;IGUALADA;0810200;;PRIVAT;ORDES I CONGREGACIONS CATÒLICS;SI;1
2024/2025;EDUCACIÓ SECUNDÀRIA OBLIGATÒRIA;1260;PENEDÈS;06;ANOIA;08102;IGUALADA;0810200;;PRIVAT;SOCIETATS MERCANTILS;SI;3
2024/2025;EDUCACIÓ SECUNDÀRIA OBLIGATÒRIA;1260;PENEDÈS;06;ANOIA;08102;IGUALADA;0810200;;PÚBLIC;DEPARTAMENT D'EDUCACIÓ I FORMACIÓ PROFESSIONAL;;3
2024/2025;EDUCACIÓ SECUNDÀRIA OBLIGATÒRIA;1260;PENEDÈS;06;ANOIA;08103;JORBA;0810300;;PRIVAT;SOCIETATS MERCANTILS;SI;1
2024/2025;EDUCACIÓ SECUNDÀRIA OBLIGATÒRIA;1260;PENEDÈS;06;ANOIA;08119;MASQUEFA;0811900;;PÚBLIC;DEPARTAMENT D'EDUCACIÓ I FORMACIÓ PROFESSIONAL;;1
2024/2025;EDUCACIÓ SECUNDÀRIA OBLIGATÒRIA;1260;PENEDÈS;06;ANOIA;08143;ÒDENA;0814300;;PÚBLIC;DEPARTAMENT D'EDUCACIÓ I FORMACIÓ PROFESSIONAL;;1
2024/2025;EDUCACIÓ SECUNDÀRIA OBLIGATÒRIA;1260;PENEDÈS;06;ANOIA;08161;PIERA;0816100;;PRIVAT;ASSOCIACIONS;SI;1
2024/2025;EDUCACIÓ SECUNDÀRIA OBLIGATÒRIA;1260;PENEDÈS;06;ANOIA;08161;PIERA;0816100;;PÚBLIC;DEPARTAMENT D'EDUCACIÓ I FORMACIÓ PROFESSIONAL;;2
2024/2025;EDUCACIÓ SECUNDÀRIA OBLIGATÒRIA;1260;PENEDÈS;06;ANOIA;08162;ELS HOSTALETS DE PIEROLA;0816200;;PÚBLIC;DEPARTAMENT D'EDUCACIÓ I FORMACIÓ PROFESSIONAL;;1
2024/2025;EDUCACIÓ SECUNDÀRIA OBLIGATÒRIA;1260;PENEDÈS;06;ANOIA;08250;SANTA MARGARIDA DE MONTBUI;0825000;;PÚBLIC;DEPARTAMENT D'EDUCACIÓ I FORMACIÓ PROFESSIONAL;;1
2024/2025;EDUCACIÓ SECUNDÀRIA OBLIGATÒRIA;1260;PENEDÈS;06;ANOIA;08292;VALLBONA D'ANOIA;0829200;;PÚBLIC;DEPARTAMENT D'EDUCACIÓ I FORMACIÓ PROFESSIONAL;;1
2024/2025;EDUCACIÓ SECUNDÀRIA OBLIGATÒRIA;1260;PENEDÈS;06;ANOIA;08302;VILANOVA DEL CAMÍ;0830200;;PÚBLIC;DEPARTAMENT D'EDUCACIÓ I FORMACIÓ PROFESSIONAL;;1
2024/2025;EDUCACIÓ SECUNDÀRIA OBLIGATÒRIA;1260;PENEDÈS;12;BAIX PENEDÈS;43016;L'ARBOÇ;4301600;;PRIVAT;FUNDACIONS;NO;1
2024/2025;EDUCACIÓ SECUNDÀRIA OBLIGATÒRIA;1260;PENEDÈS;12;BAIX PENEDÈS;43016;L'ARBOÇ;4301600;;PRIVAT;SOCIETATS MERCANTILS;SI;1
2024/2025;EDUCACIÓ SECUNDÀRIA OBLIGATÒRIA;1260;PENEDÈS;12;BAIX PENEDÈS;43016;L'ARBOÇ;4301600;;PÚBLIC;DEPARTAMENT D'EDUCACIÓ I FORMACIÓ PROFESSIONAL;;1
2024/2025;EDUCACIÓ SECUNDÀRIA OBLIGATÒRIA;1260;PENEDÈS;12;BAIX PENEDÈS;43028;LA BISBAL DEL PENEDÈS;4302800;;PÚBLIC;DEPARTAMENT D'EDUCACIÓ I FORMACIÓ PROFESSIONAL;;1
2024/2025;EDUCACIÓ SECUNDÀRIA OBLIGATÒRIA;1260;PENEDÈS;12;BAIX PENEDÈS;43037;CALAFELL;4303700;;PÚBLIC;DEPARTAMENT D'EDUCACIÓ I FORMACIÓ PROFESSIONAL;;2
2024/2025;EDUCACIÓ SECUNDÀRIA OBLIGATÒRIA;1260;PENEDÈS;12;BAIX PENEDÈS;43051;CUNIT;4305100;;PÚBLIC;DEPARTAMENT D'EDUCACIÓ I FORMACIÓ PROFESSIONAL;;1
2024/2025;EDUCACIÓ SECUNDÀRIA OBLIGATÒRIA;1260;PENEDÈS;12;BAIX PENEDÈS;43163;EL VENDRELL;4316300;;PRIVAT;ORDES I CONGREGACIONS CATÒLICS;SI;1
2024/2025;EDUCACIÓ SECUNDÀRIA OBLIGATÒRIA;1260;PENEDÈS;12;BAIX PENEDÈS;43163;EL VENDRELL;4316300;;PÚBLIC;DEPARTAMENT D'EDUCACIÓ I FORMACIÓ PROFESSIONAL;;5
2024/2025;EDUCACIÓ SECUNDÀRIA OBLIGATÒRIA;1260;PENEDÈS;17;GARRAF;08043;CANYELLES;0804300;;PÚBLIC;DEPARTAMENT D'EDUCACIÓ I FORMACIÓ PROFESSIONAL;;1
2024/2025;EDUCACIÓ SECUNDÀRIA OBLIGATÒRIA;1260;PENEDÈS;17;GARRAF;08074;CUBELLES;0807400;;PÚBLIC;DEPARTAMENT D'EDUCACIÓ I FORMACIÓ PROFESSIONAL;;2
2024/2025;EDUCACIÓ SECUNDÀRIA OBLIGATÒRIA;1260;PENEDÈS;17;GARRAF;08148;OLIVELLA;0814800;;PÚBLIC;DEPARTAMENT D'EDUCACIÓ I FORMACIÓ PROFESSIONAL;;1
2024/2025;EDUCACIÓ SECUNDÀRIA OBLIGATÒRIA;1260;PENEDÈS;17;GARRAF;08231;SANT PERE DE RIBES;0823100;;PÚBLIC;DEPARTAMENT D'EDUCACIÓ I FORMACIÓ PROFESSIONAL;;4
2024/2025;EDUCACIÓ SECUNDÀRIA OBLIGATÒRIA;1260;PENEDÈS;17;GARRAF;08270;SITGES;0827000;;PRIVAT;ORDES I CONGREGACIONS CATÒLICS;SI;1
2024/2025;EDUCACIÓ SECUNDÀRIA OBLIGATÒRIA;1260;PENEDÈS;17;GARRAF;08270;SITGES;0827000;;PÚBLIC;DEPARTAMENT D'EDUCACIÓ I FORMACIÓ PROFESSIONAL;;2
2024/2025;EDUCACIÓ SECUNDÀRIA OBLIGATÒRIA;1260;PENEDÈS;17;GARRAF;08307;VILANOVA I LA GELTRÚ;0830700;;PRIVAT;FUNDACIONS;SI;3
2024/2025;EDUCACIÓ SECUNDÀRIA OBLIGATÒRIA;1260;PENEDÈS;17;GARRAF;08307;VILANOVA I LA GELTRÚ;0830700;;PRIVAT;ORDES I CONGREGACIONS CATÒLICS;SI;2
2024/2025;EDUCACIÓ SECUNDÀRIA OBLIGATÒRIA;1260;PENEDÈS;17;GARRAF;08307;VILANOVA I LA GELTRÚ;0830700;;PÚBLIC;DEPARTAMENT D'EDUCACIÓ I FORMACIÓ PROFESSIONAL;;5